original_sentence,sentence,missing_words,translated_sentence,Eng_Difficulty_Label,Topic_Label
السياسات الاقتصادية يمكن أن تؤثر على النمو العام للدولة.,___ الاقتصادية ___ أن تؤثر على النمو ___ للدولة.,"السياسات, العام, يمكن",Economic policies can influence the overall growth of a country.,Easy,EcoFinancial
Human Rights Committee,Human Rights ___,Committee,اللجنة المعنية بحقوق الإنسان,Easy,Legal
We always walk by the post office on the way to work.,We always walk by the ___ on the way to work.,post office,نمرّ دائمًا بجانب مكتب البريد في طريقنا إلى العمل,Easy,Litrature
Is this the first time for you to have Japanese food?,Is this the first time for you to have ___?,Japanese food,أهذه أول مرة تأكل فيها الطعام الياباني؟,Easy,Litrature
Police officers enforce the law to maintain order.,Police officers ___ the law to ___ order.,"maintain, enforce",يفرض ضباط الشرطة القانون للحفاظ على النظام.,Easy,Legal
Citizens can petition the government to address their concerns.,Citizens can ___ the ___ to address their ___.,"government, petition, concerns",يمكن للمواطنين تقديم عريضة للحكومة لمعالجة قضاياهم.,Easy,Legal
Laws differ from one country to another.,Laws ___ from one ___ to another.,"differ, country",تختلف القوانين من بلد إلى آخر.,Easy,Legal
Conferences and meetings.,___ and ___.,"meetings, Conferences",المؤتمرات والاجتماعات.,Easy,Legal
The mountains look beautiful.,The ___ look beautiful.,mountains,الجبال تبدو جميلة.,Easy,Subtitle
A fair trial is a cornerstone of justice.,A fair ___ is a ___ of ___.,"cornerstone, justice, trial",المحاكمة العادلة هي حجر الزاوية في العدالة.,Easy,Legal
Helme also said the virus would pass within a few days to a week just like the common cold.,Helme also said the ___ would ___ within a few days to a week just like the ___ cold.,"virus, pass, common",قال هيلم إن الفيروس سيزول في غضون أيام إلى أسبوع مثل الزكام.,Easy,Health
The government collects taxes to provide public services.,The ___ collects ___ to provide ___ services.,"public, taxes, government",تجمع الحكومة الضرائب لتوفير الخدمات العامة.,Easy,Legal
Financial advisors help clients manage their investments.,Financial advisors help ___ ___ their ___.,"manage, investments, clients",المستشارون الماليون يساعدون العملاء في إدارة استثماراتهم.,Easy,EcoFinancial
"The tea at my office isn't good, so I don't drink it.","The ___ at my office isn't good, so I don't drink it.",tea,إنّ الشّاي المتوفّر في مكتبي غير جيّد، إذا فأنا لا أشربه,Easy,Litrature
تناول وجبة الإفطار يساعدك على التركيز خلال اليوم.,___ ___ الإفطار يساعدك على التركيز خلال ___,"تناول, اليوم., وجبة",Eating breakfast helps you stay focused during the day.,Easy,Health
لا يمكنني الانتظار للوصول الى المنزل والنوم في سريري,لا ___ ___ للوصول الى المنزل والنوم في ___,"يمكنني, الانتظار, سريري",I can hardly wait to get home and sleep in my own bed.,Easy,Litrature
قام البنك المركزي بخفض أسعار الفائدة لتشجيع الاقتراض.,قام ___ المركزي بخفض ___ الفائدة ___ الاقتراض.,"لتشجيع, أسعار, البنك",The central bank has lowered interest rates to encourage borrowing.,Easy,EcoFinancial
تم إدخالها إلى العزل في مستشفى تيكو.,تم ___ إلى ___ في مستشفى ___,"إدخالها, العزل, تيكو.",She was admitted into isolation at Teku Hospital.,Easy,Health
التضخم يؤثر على تكلفة المعيشة.,___ ___ على تكلفة ___,"التضخم, يؤثر, المعيشة.",Inflation affects the cost of living.,Easy,EcoFinancial
It feels great to be outdoors.,It feels great to be ___.,outdoors,الشعور رائع أن أكون في الهواء الطلق.,Easy,Subtitle
السن القانونية هي الحد الأدنى من العمر المطلوب للقيام بأنشطة معينة، مثل التصويت أو الزواج.,السن القانونية هي الحد الأدنى من العمر ___ للقيام ___ معينة، مثل ___ أو الزواج.,"المطلوب, التصويت, بأنشطة","Legal age is the minimum age required to perform certain activities, like voting or marrying.",Easy,Legal
أشعر أنني في المنزل في الطبيعة.,___ ___ في ___ في الطبيعة.,"أنني, أشعر, المنزل",I feel at home in nature.,Easy,Subtitle
الطريق أمامنا يبدو رائعًا.,___ أمامنا ___ ___,"رائعًا., يبدو, الطريق",The road ahead looks amazing.,Easy,Subtitle
Laws help to keep people safe in their communities.,Laws help to keep people safe in their ___.,communities,تساعد القوانين في الحفاظ على سلامة الناس في مجتمعاتهم.,Easy,Legal
He brought food to his guest and provided him shelter.,He brought food to his guest and provided him ___.,shelter,هوَ أحضر الطعام لضيفهُ وقدم لهُ المأوىَ,Easy,Litrature
I learned how to ride a bike when I was six years old.,I learned how to ride a ___ when I was six years old.,bike,تعلمت كيفية ركوب الدراجة عندما كان عمري ست سنوات,Easy,Litrature
تضمن المحاكم تحقيق العدالة.,___ ___ ___ العدالة.,"المحاكم, تحقيق, تضمن",Courts ensure that justice is served.,Easy,Legal
Banks offer loans to individuals and businesses.,Banks offer ___ to ___ and ___.,"loans, businesses, individuals",البنوك تقدم قروضًا للأفراد والشركات.,Easy,EcoFinancial
تم فحص 612 شخص وكانت النتائج سلبية.,تم فحص 612 شخص ___ ___ ___,"وكانت, النتائج, سلبية.",612 people were tested and the results were negative.,Easy,Health
توفير المال مهم للأمن المالي.,___ ___ مهم ___ المالي.,"توفير, للأمن, المال",Saving money is important for financial security.,Easy,EcoFinancial
A hundred and fifty diplomats came to that conference.,A hundred and fifty ___ came to that conference.,diplomats,حضر المؤتمر مئة و خمسون دبلوماسي,Easy,Litrature
Let’s take a short break.,Let’s take a short ___.,break,دعونا نأخذ استراحة قصيرة.,Easy,Subtitle
الصحة النفسية لا تقل أهمية عن الصحة البدنية.,___ ___ لا تقل أهمية عن الصحة ___,"النفسية, الصحة, البدنية.",Mental health is just as important as physical health.,Easy,Health
تمنح الانتخابات الناس القدرة على اختيار قادتهم.,تمنح الانتخابات ___ ___ على اختيار ___,"قادتهم., القدرة, الناس",Elections give people the power to choose their leaders.,Easy,Legal
Governments sign treaties to promote international cooperation.,Governments ___ ___ to promote international ___.,"sign, cooperation, treaties",توقع الحكومات المعاهدات لتعزيز التعاون الدولي.,Easy,Legal
Smoking harms your lungs and overall health.,___ ___ your ___ and overall health.,"harms, Smoking, lungs",التدخين يضر برئتيك وصحتك العامة.,Easy,Health
I'm finding it difficult deciding on which one to buy.,I'm finding it difficult deciding on which one to ___.,buy,يصعب علي أن أقرر أيها سأشتري,Easy,Litrature
أنا سعيد لأننا أخذنا هذه الرحلة.,أنا سعيد ___ ___ هذه ___,"الرحلة., أخذنا, لأننا",I’m glad we took this trip.,Easy,Subtitle
Let's start our journey.,Let's start our ___.,journey,دعونا نبدأ رحلتنا.,Easy,Subtitle
النسيم مريح جدًا.,___ ___ ___,"النسيم, مريح, جدًا.",The breeze is so calming.,Easy,Subtitle
نحن نسافر بعيدًا اليوم.,We are traveling ___ today.,far,نحن نسافر بعيدًا اليوم.,Easy,Subtitle
سوق الأسهم يؤدي بشكل جيد اليوم.,سوق ___ ___ ___ جيد اليوم.,"بشكل, الأسهم, يؤدي",The stock market is performing well today.,Easy,EcoFinancial
العديد من الناس يوفرون المال من أجل المستقبل.,العديد من الناس ___ ___ من أجل ___,"يوفرون, المال, المستقبل.",Many people are saving money for the future.,Easy,EcoFinancial
Regular walking improves your heart health.,___ walking improves your ___ health.,"heart, Regular",المشي المنتظم يحسن صحة قلبك.,Easy,Health
The sky is so clear today.,The sky is so ___ today.,clear,السماء صافية جدًا اليوم.,Easy,Subtitle
The economy is growing steadily.,The ___ is growing ___.,"steadily, economy",الاقتصاد ينمو بشكل ثابت.,Easy,EcoFinancial
How did you come up with the idea for this exhibition?,How did you come up with the idea for this ___?,exhibition,كيف خطرت ببالك فكرة المعرض هذا؟,Easy,Litrature
Exercise regularly to keep your body strong.,___ ___ to keep your body ___.,"Exercise, regularly, strong",مارس الرياضة بانتظام للحفاظ على قوة جسمك.,Easy,Health
ومن اﻷهمية بمكان أن تتفق نتيجة جهودنا على نحو صارم مع مبادئ وأهداف ميثاق اﻷمم المتحدة.,ومن ___ ___ أن تتفق نتيجة جهودنا على نحو صارم مع مبادئ وأهداف ميثاق ___ المتحدة.,"اﻷهمية, اﻷمم, بمكان",It is of fundamental importance that the outcome of our efforts be in strict conformity with the purposes and principles of the Charter of the United Nations.,Hard,Legal
"تعمل العناصر الرمزية في ""مزرعة الحيوان"" لجورج أورويل كتعليق ساخر على الأنظمة السياسية.","___ العناصر الرمزية في ""مزرعة الحيوان"" لجورج أورويل كتعليق ساخر على ___ ___","الأنظمة, تعمل, السياسية.","The allegorical elements in George Orwell's ""Animal Farm"" serve as a satirical commentary on political systems.",Hard,Litrature
The company reported a substantial increase in quarterly earnings.,The company ___ a substantial increase in ___ ___.,"quarterly, earnings, reported",أبلغت الشركة عن زيادة كبيرة في أرباح الربع السنوي.,Hard,EcoFinancial
وتُعدُّ الوحدة الوطنية ذات أهمية حيوية لإحراز تقدم على الصعيد السياسي والاقتصادي والاجتماعي في ميانمار.,وتُعدُّ ___ الوطنية ذات ___ حيوية لإحراز ___ على الصعيد السياسي والاقتصادي والاجتماعي في ميانمار.,"تقدم, أهمية, الوحدة","National unity is vital for political, economic and social progress in Myanmar.",Hard,Legal
"The dense, poetic language in T.S. Eliot's ""The Waste Land"" serves as a reflection of post-World War I disillusionment and fragmentation.","The ___, poetic language in T.S. Eliot's ""The Waste Land"" serves as a ___ of post-World War I ___ and fragmentation.","reflection, disillusionment, dense","تعمل اللغة الكثيفة والشعرية في ""أرض الخراب"" لت.س. إليوت كانعكاس لخيبة الأمل والتجزئة بعد الحرب العالمية الأولى.",Hard,Litrature
Bioinformatics integrates biological data with computational tools to uncover insights into complex biological systems.,Bioinformatics integrates biological data with ___ tools to uncover insights into complex biological systems.,"computational, bioinformatics",تجمع المعلوماتية الحيوية بين البيانات البيولوجية والأدوات الحسابية للكشف عن رؤى حول الأنظمة البيولوجية المعقدة.,Hard,Health
يتميز مرض الانسداد الرئوي المزمن بحدود مستمرة في تدفق الهواء، وينتج بشكل أساسي عن التعرض طويل الأمد للمهيجات.,يتميز مرض الانسداد ___ ___ بحدود مستمرة في تدفق ___ وينتج بشكل أساسي عن التعرض طويل الأمد للمهيجات.,"الهواء،, الرئوي, المزمن",Chronic obstructive pulmonary disease is characterized by persistent airflow limitation and is primarily caused by long-term exposure to irritants.,Hard,Health
"People will let you down, but you have to keep going anyway.","People will ___ you ___, but you have to keep ___ anyway.","going, let, down",الناس سيخذلونك، لكن عليك أن تستمر في المضي قدمًا على أي حال.,Hard,Subtitle
أدى ظهور الذكاء الاصطناعي في التشخيص إلى تحسين دقة وكفاءة الكشف عن الأمراض.,أدى ___ الذكاء الاصطناعي في ___ إلى ___ دقة وكفاءة الكشف عن الأمراض.,"ظهور, التشخيص, تحسين",The advent of artificial intelligence in diagnostics is improving the accuracy and efficiency of disease detection.,Hard,Health
The global economic outlook has improved due to strong growth in emerging markets.,The global ___ outlook has ___ due to strong growth in emerging ___.,"improved, economic, markets",تحسنت النظرة الاقتصادية العالمية بسبب النمو القوي في الأسواق الناشئة.,Hard,EcoFinancial
"Advances in wearable technology facilitate real-time health monitoring, enabling early detection of anomalies.","Advances in ___ technology facilitate real-time health monitoring, enabling early detection of ___.","wearable, anomalies",إن التقدم في التكنولوجيا القابلة للارتداء يسهل مراقبة الصحة في الوقت الحقيقي، مما يتيح الكشف المبكر عن الحالات الشاذة.,Hard,Health
The financial institution's solvency ratio meets the regulatory requirements.,The financial ___ ___ ratio meets the regulatory ___.,"institution's, requirements, solvency",تتجاوز نسبة ملاءة رأس المال للمؤسسة المالية الحد الأدنى المطلوب.,Hard,EcoFinancial
The central bank's interest rate hike aims to curb inflation.,The ___ bank's interest rate hike aims to ___ ___.,"central, curb, inflation",تهدف زيادة سعر الفائدة من قبل البنك المركزي إلى كبح التضخم.,Hard,EcoFinancial
تقلص العجز التجاري مع زيادة الصادرات.,___ العجز ___ مع زيادة ___,"التجاري, الصادرات., تقلص",The trade deficit has narrowed as exports have risen.,Hard,EcoFinancial
حكمت محكمة الاستئناف بأن المحكمة الابتدائية أخطأت في تفسير القانون وأعادت القضية لإجراء مزيد من الإجراءات.,___ محكمة الاستئناف بأن المحكمة الابتدائية أخطأت في تفسير ___ ___ القضية لإجراء مزيد من الإجراءات.,"القانون, وأعادت, حكمت",The appellate court ruled that the trial court had erred in its interpretation of the law and remanded the case for further proceedings.,Hard,Legal
قدم محامي المتهم طلبًا لاستبعاد الأدلة التي تم الحصول عليها من خلال تفتيش ومصادرة غير قانونية.,قدم محامي المتهم ___ لاستبعاد الأدلة التي تم الحصول عليها من خلال ___ ومصادرة غير ___,"قانونية., تفتيش, طلبًا",The defendant's counsel filed a motion to suppress evidence obtained through an unlawful search and seizure.,Hard,Legal
يعمل التوازي بين البراءة والفساد في شعر ويليام بليك كانتقاد للمؤسسات الاجتماعية والدينية.,يعمل التوازي بين ___ والفساد في شعر ويليام بليك ___ ___ الاجتماعية والدينية.,"كانتقاد, البراءة, للمؤسسات",The juxtaposition of innocence and corruption in William Blake's poetry serves as a critique of social and religious institutions.,Hard,Litrature
"The narrative technique of unreliable narration in Charlotte Perkins Gilman's ""The Yellow Wallpaper"" underscores themes of mental illness and oppression.","The narrative technique of unreliable narration in Charlotte Perkins Gilman's ""The Yellow Wallpaper"" ___ themes of mental ___ and ___.","illness, underscores, oppression","تسلط تقنية السرد غير الموثوقة في ""ورق الجدران الأصفر"" لشارلوت بيركنز جيلمان الضوء على مواضيع المرض العقلي والقمع.",Hard,Litrature
What do you think happens when you push people too far? You find out just how far they'll go.,What do you think ___ when you push people too ___? You ___ out just how far they'll go.,"happens, far, find",ماذا تعتقد يحدث عندما تدفع الناس إلى أقصى الحدود؟ ستكتشف إلى أي مدى يمكنهم الذهاب.,Hard,Subtitle
لدينا جميعاً أسرار، لكن بعض الأسرار أخطر من غيرها.,لدينا ___ أسرار، لكن بعض ___ أخطر من ___,"جميعاً, الأسرار, غيرها.","We all have secrets, but some secrets are more dangerous than others.",Hard,Subtitle
"The disillusionment of the American Dream in John Steinbeck's ""The Grapes of Wrath"" is portrayed through the plight of the Joad family.","The ___ of the American Dream in John Steinbeck's ""The Grapes of Wrath"" is ___ through the ___ of the Joad family.","disillusionment, plight, portrayed","يتم تصوير خيبة الأمل في الحلم الأمريكي في ""عناقيد الغضب"" لجون شتاينبك من خلال معاناة عائلة جود.",Hard,Litrature
تم رفض طلب المدعى عليه بالحكم المبدئي بسبب وجود حقائق مادية غير محلولة.,تم رفض طلب ___ عليه بالحكم المبدئي بسبب وجود حقائق ___ غير ___,"محلولة., مادية, المدعى",The defendant's motion for summary judgment was denied due to unresolved material facts.,Hard,Legal
"The risk of reactivation increases with immunosuppression, such as that caused by infection with HIV.","The risk of ___ increases with ___, such as that caused by infection with HIV.","immunosuppression, reactivation",ويزداد خطر إعادة التنشيط مع الكبت المناعي، كما يحدث في حالات الإصابة بفيروس نقص المناعة البشرية.,Hard,Health
"Such tearing is common in orbitofrontal cortex in particular, because of bony protrusions on the interior skull ridge above the eyes.","Such tearing is common in ___ cortex in particular, because of bony ___ on the ___ skull ridge above the eyes.","orbitofrontal, protrusions, interior",هذا التمزق شائع بشكل خاص في القشرة الجبهية المدارية، بسبب النتوءات العظمية على الحافة الداخلية للجمجمة فوق العينين.,Hard,Health
The pathophysiology of autoimmune diseases often involves a misdirected immune response that attacks the body’s own tissues.,The ___ of ___ diseases often involves a ___ immune response that attacks the body’s own tissues.,"pathophysiology, misdirected, autoimmune",غالبًا ما تتضمن الفيزيولوجيا المرضية للأمراض المناعية الذاتية استجابة مناعية خاطئة تهاجم أنسجة الجسم نفسه.,Hard,Health
Postpone talks on the opening of a NATO military communications mission in Moscow.,Postpone talks on the opening of a NATO ___ ___ ___ in Moscow.,"communications, mission, military",تأجيل المحادثات المتعلقة بفتح بعثة للاتصالات العسكرية لمنظمة حلف شمال الأطلسي في موسكو.,Hard,Legal
"Trust me, there’s more going on than you could ever imagine.","Trust me, there’s more ___ on than you could ever ___.","going, imagine",ثق بي، هناك أكثر مما يمكنك أن تتخيله يحدث هنا.,Hard,Subtitle
هذا أكبر من أي شيء واجهناه من قبل، وأنت فقط بدأت تدرك ذلك.,هذا أكبر من أي شيء واجهناه من قبل، ___ فقط بدأت ___ ___,"ذلك., وأنت, تدرك","This is bigger than anything we’ve ever faced, and you're just now realizing that.",Hard,Subtitle
We came across a calm so endless that we saw no end in it - except death.,We came across a ___ so ___less that we saw no end in it - except death.,"end, endless, calm",واجهنا هدوءًا لا نهاية له لدرجة أننا لم نرَ له نهاية - إلا الموت.,Hard,Subtitle
"Zoonotic diseases, which originate in animals, underline the importance of a One Health approach to global health security.","Zoonotic diseases, which originate in animals, ___ the importance of a One Health approach to ___ health security.","underline, global, zoonotic",تؤكد الأمراض الحيوانية المنشأ، التي تنشأ في الحيوانات، على أهمية نهج الصحة الواحدة لتحقيق الأمن الصحي العالمي.,Hard,Health
The United Nations Convention against Corruption is the first legally binding instrument on the issue with a global scope.,The United Nations ___ against Corruption is the first legally ___ instrument on the issue with a global ___.,"scope, Convention, binding",إن اتفاقية الأمم المتحدة لمكافحة الفساد هي أول صك ملزم قانونيا يتعلق بالقضية على نطاق عالمي.,Hard,Legal
And all this from a place of dead calm.,And all this from a place of ___ ___.,"calm, dead",وكُلّ هذا مِنْ مكان مِنْ الهدوء التامِّ.,Hard,Subtitle
أدى خفض التصنيف الائتماني إلى زيادة تكاليف الاقتراض للبلاد.,أدى خفض التصنيف الائتماني إلى ___ ___ ___ للبلاد.,"تكاليف, زيادة, الاقتراض",The credit rating downgrade has led to higher borrowing costs for the country.,Hard,EcoFinancial
The merger between the two financial institutions created a banking conglomerate.,The ___ between the two financial ___ ___ a banking conglomerate.,"merger, institutions, created",أنشأ الاندماج بين المؤسستين الماليتين تكتلًا مصرفيًا.,Hard,EcoFinancial
"The dramatic irony in Sophocles' ""Oedipus Rex"" creates a tension between the audience's knowledge and the protagonist's tragic fate.","The ___ irony in Sophocles' ""Oedipus Rex"" creates a tension between the audience's knowledge and the ___'s tragic ___.","fate, dramatic, protagonist","يخلق السخرية الدرامية في ""أوديب ملكًا"" لسوفوكليس توترًا بين معرفة الجمهور والمصير المأساوي للبطل.",Hard,Litrature
"If you think walking away is the answer, then you don't understand what's at stake.","If you think ___ away is the ___, then you don't ___ what's at stake.","walking, understand, answer",إذا كنت تعتقد أن الابتعاد هو الحل، فأنت لا تفهم ما هو على المحك.,Hard,Subtitle
"يتحدى السرد ما بعد الحداثي في ""قوس قزح الجاذبية"" لتوماس بينشون تقاليد السرد التقليدية.","يتحدى ___ ما بعد الحداثي في ""قوس قزح ___ لتوماس ___ تقاليد السرد التقليدية.","بينشون, الجاذبية"", السرد","The postmodern narrative in Thomas Pynchon's ""Gravity's Rainbow"" challenges traditional storytelling conventions.",Hard,Litrature
مهدت التقدمات في تقنية كريسبر الطريق لتطبيقات تعديل الجينات، مما أثار اعتبارات أخلاقية وطبية.,مهدت ___ في تقنية كريسبر الطريق لتطبيقات ___ الجينات، مما أثار اعتبارات ___ وطبية.,"أخلاقية, تعديل, التقدمات","Advances in CRISPR technology have paved the way for gene-editing applications, raising both ethical and medical considerations.",Hard,Health
The country's national income has grown steadily over the past decade.,The country's national ___ has ___ steadily over the ___ decade.,"grown, income, past",نما الدخل الوطني للبلاد بشكل ثابت على مدار العقد الماضي.,Hard,EcoFinancial
The corporate tax reform is expected to attract foreign investment.,The corporate tax ___ is expected to attract ___ ___.,"investment, reform, foreign",من المتوقع أن تجذب إصلاحات ضريبة الشركات الاستثمار الأجنبي.,Hard,EcoFinancial
"أصدرت المحكمة أمر ""هابياس كوربوس""، آمرة بالإفراج الفوري عن الشخص المحتجز بشكل غير قانوني.","أصدرت ___ أمر ""هابياس كوربوس""، آمرة ___ الفوري عن الشخص المحتجز بشكل غير قانوني."," المحكمة, بالإفراج","The court issued a writ of habeas corpus, ordering the immediate release of the unlawfully detained individual.",Hard,Legal
"Studies have shown that COVID-19 can trigger a hyperinflammatory response, particularly in severe cases, leading to cytokine storms that damage organs and increase mortality risk.","Studies have shown that COVID-19 can trigger a ___ response, particularly in severe cases, leading to ___ storms that damage organs and increase ___ risk.","cytokine, hyperinflammatory, mortality",أظهرت الدراسات أن COVID-19 يمكن أن يحفز استجابة فرط التهابية، خاصة في الحالات الشديدة، مما يؤدي إلى عواصف السيتوكين التي تتلف الأعضاء وتزيد من خطر الوفاة.,Hard,Health
The economic indicators point to a robust recovery in the manufacturing sector.,The ___ indicators point to a ___ recovery in the ___ sector.,"manufacturing, robust, economic",تشير المؤشرات الاقتصادية إلى تعافٍ قوي في قطاع التصنيع.,Hard,EcoFinancial
الحقيقة هي أننا جميعاً نحاول التمسك بشيء قبل أن ينزلق بعيدًا.,الحقيقة هي أننا جميعاً نحاول ___ بشيء قبل أن ___ ___,"ينزلق, بعيدًا., التمسك","The truth is, we’re all just trying to hold onto something before it slips away.",Hard,Subtitle
"You thought you knew what you wanted, but you’ve never been more wrong in your life.","You ___ you knew what you ___, but you’ve never been more ___ in your life.","thought, wrong, wanted",كنت تعتقد أنك تعرف ما تريده، لكنك كنت أكثر خطأ في حياتك.,Hard,Subtitle
The financial institution's capital adequacy ratio exceeds the minimum requirement.,The ___ institution's capital ___ ___ exceeds the minimum requirement.,"ratio, adequacy, financial",تتجاوز نسبة كفاية رأس المال للمؤسسة المالية الحد الأدنى المطلوب.,Hard,EcoFinancial
لا يوجد رجوع من هنا، مهما أردنا.,لا يوجد ___ من ___ ___ أردنا.,"رجوع, هنا،, مهما","There’s no going back from this, no matter how much we want to.",Hard,Subtitle
تشير الأدلة الناشئة إلى أن الأفراد الذين يتعافون من COVID-19 قد يعانون من أعراض مستمرة، تُعرف غالبًا باسم 'كوفيد طويل الأمد'، بما في ذلك التعب، وضعف الإدراك، والمضاعفات القلبية الوعائية، حتى بعد شهور من الإصابة الأولية.,___ الأدلة الناشئة إلى أن الأفراد الذين ___ من COVID-19 قد يعانون من أعراض مستمرة، تُعرف غالبًا باسم 'كوفيد طويل الأمد'، بما في ذلك التعب، وضعف الإدراك، والمضاعفات ___ الوعائية، حتى بعد شهور من الإصابة الأولية.,"القلبية, يتعافون, تشير","Emerging evidence suggests that individuals who recover from COVID-19 may experience persistent symptoms, often referred to as 'long COVID,' including fatigue, cognitive impairment, and cardiovascular complications, even months after initial infection.",Hard,Health
The sovereign debt crisis has raised concerns about the country's creditworthiness.,The ___ ___ crisis has raised ___ about the country's creditworthiness.,"sovereign, concerns, debt",أثار أزمة الديون السيادية مخاوف بشأن الجدارة الائتمانية للبلاد.,Hard,EcoFinancial
"The exploration of the human psyche in Franz Kafka's ""The Metamorphosis"" delves into themes of alienation and identity.","The ___ of the human ___ in Franz Kafka's ""The Metamorphosis"" ___ into themes of alienation and identity.","exploration, psyche, delves","يغوص استكشاف النفس البشرية في ""التحول"" لفرانز كافكا في مواضيع الاغتراب والهوية.",Hard,Litrature
من المتوقع أن يستقر معدل التضخم في الأشهر المقبلة.,من المتوقع أن يستقر معدل ___ في ___ ___,"المقبلة., الأشهر, التضخم",The inflation rate is expected to stabilize in the coming months.,Medium,EcoFinancial
Literature from conflict zones often provides a raw and poignant perspective on human resilience.,Literature from ___ often provides a raw and poignant perspective on human ___.,"conflict zones, resilience",غالبًا ما يقدم الأدب من مناطق الصراع نظرة مباشرة ومؤثرة على صمود الإنسان.,Medium,Litrature
"Smoking cessation programs, combined with counseling and support, have been shown to increase the success rates of quitting tobacco for long-term health benefits.","Smoking cessation programs, combined with ___ and support, have been shown to increase the success rates of quitting ___ for long-term health benefits.","tobacco, smoking cessation programs, counseling",أظهرت برامج الإقلاع عن التدخين، المدمجة مع الاستشارات والدعم، أنها تزيد من معدلات النجاح في الإقلاع عن التبغ لتحقيق فوائد صحية طويلة الأمد.,Medium,Health
أصبح تصوير الشخصيات النسائية القوية أكثر بروزًا في الرواية العربية المعاصرة.,أصبح ___ ___ النسائية القوية أكثر بروزًا في الرواية العربية ___,"تصوير, الشخصيات, المعاصرة.",The depiction of strong female characters is increasingly prominent in contemporary Arabic fiction.,Medium,Litrature
المؤشرات الاقتصادية تقدم رؤى حول الصحة المالية للبلاد.,___ ___ تقدم رؤى حول ___ المالية للبلاد.,"الاقتصادية, المؤشرات, الصحة",Economic indicators provide insights into a country's financial health.,Medium,EcoFinancial
الأمراض المزمنة مثل ارتفاع ضغط الدم والسكري تتطلب إدارة دقيقة من خلال الأدوية، وتغييرات في نمط الحياة، والمراقبة المنتظمة لتجنب المضاعفات.,___ المزمنة مثل ارتفاع ضغط الدم ___ تتطلب إدارة دقيقة من خلال ___ وتغييرات في نمط الحياة، والمراقبة المنتظمة لتجنب المضاعفات.,"الأدوية،, الأمراض, والسكري","Chronic diseases like hypertension and diabetes require careful management through medication, lifestyle changes, and regular monitoring to avoid complications.",Medium,Health
The translation of 'Aladdin' has introduced many readers to Middle Eastern folklore.,The translation of 'Aladdin' has introduced many readers to ___ ___.,"Middle Eastern, folklore",قدمت ترجمة 'علاء الدين' العديد من القراء إلى الفولكلور الشرق أوسطي.,Medium,Litrature
أعلنت الحكومة عن خطط لتقليص الدعم على منتجات الطاقة.,___ ___ عن خطط لتقليص الدعم على منتجات ___,"الحكومة, أعلنت, الطاقة.",The government has announced plans to reduce subsidies on energy products.,Medium,EcoFinancial
تحمي قوانين الملكية الفكرية حقوق المبدعين في اختراعاتهم وأعمالهم.,___ قوانين الملكية الفكرية ___ ___ في اختراعاتهم وأعمالهم.,"المبدعين, تحمي, حقوق",Intellectual property laws protect the rights of creators over their inventions and works.,Medium,Legal
Are you ready for this?,Are you ready for this?,Streak,هل أنت جاهز لهذا؟,Medium,Subtitle
Literary festivals provide a platform for authors to discuss their work with readers.,Literary ___ provide a ___ for ___ to discuss their work with readers.,"festivals, authors, platform",توفر المهرجانات الأدبية منصة للمؤلفين لمناقشة أعمالهم مع القراء.,Medium,Litrature
تشهد البلاد زيادة في الاستثمارات المحلية والأجنبية على حد سواء.,تشهد البلاد زيادة في ___ ___ ___ على حد سواء.,"المحلية, والأجنبية, الاستثمارات",The country is experiencing an increase in both domestic and foreign investments.,Medium,EcoFinancial
Many contemporary Arabic authors are gaining international recognition for their work.,Many contemporary Arabic ___ are gaining international ___ for their work.,"recognition, authors",يحظى العديد من المؤلفين العرب المعاصرين باعتراف دولي لأعمالهم.,Medium,Litrature
Staying hydrated by drinking sufficient water throughout the day is essential for maintaining healthy kidney function and supporting digestion.,Staying ___ by drinking sufficient water throughout the day is essential for maintaining ___ and supporting ___.,"digestion, healthy kidney function, hydrated",الحفاظ على الترطيب من خلال شرب كمية كافية من الماء طوال اليوم أمر ضروري للحفاظ على وظيفة الكلى الصحية ودعم الهضم.,Medium,Health
تتكرر هذه العملية في دورتين كبيرتين إضافيتين للرياح شمالًا وجنوبًا.,تتكرر هذه ___ في دورتين ___ ___ للرياح شمالًا وجنوبًا.,"العملية, إضافيتين, كبيرتين",This process then repeats itself in a further two enormous wind cycles both north and south.,Medium,Subtitle
Literature allows us to explore different cultures and perspectives through storytelling.,Literature allows us to explore different ___ and ___ through ___.,"storytelling, perspectives, cultures",تتيح لنا الأدب استكشاف ثقافات ووجهات نظر مختلفة من خلال السرد القصصي.,Medium,Litrature
أعلن المدعي العام عن مبادرة جديدة لمكافحة الجريمة المنظمة.,أعلن ___ ___ عن مبادرة ___ لمكافحة الجريمة المنظمة.,"العام, المدعي, جديدة",The attorney general announced a new initiative to combat organized crime.,Medium,Legal
الوضعية الصحيحة أثناء الجلوس والوقوف تساعد في منع آلام الظهر والعنق.,___ الصحيحة ___ الجلوس والوقوف تساعد في منع آلام ___ والعنق.,"الوضعية, الظهر, أثناء",Proper posture while sitting and standing helps prevent back and neck pain.,Medium,Health
"Regular physical activity, such as walking or cycling, is not only beneficial for weight management but also for improving cardiovascular health.","Regular ___, such as ___ or cycling, is not only beneficial for weight management but also for improving ___.","cardiovascular health, physical activity, walking",النشاط البدني المنتظم، مثل المشي أو ركوب الدراجات، مفيد ليس فقط لإدارة الوزن ولكن أيضًا لتحسين صحة القلب والأوعية الدموية.,Medium,Health
كان نجيب محفوظ أول كاتب عربي يفوز بجائزة نوبل في الأدب.,كان نجيب محفوظ أول ___ عربي ___ بجائزة نوبل في الأدب.,"يفوز, كاتب",Naguib Mahfouz was the first Arabic writer to win the Nobel Prize in Literature.,Medium,Litrature
"On 16 April, the Afghan-Japan Hospital in Kabul stopped accepting samples for COVID-19 testing for two days, due to a surge in requests, despite having the capacity to test 300 samples a day.","On 16 April, the ___ in Kabul stopped accepting ___ for COVID-19 testing for two days, due to a surge in requests, despite having the ___ to test 300 samples a day.","capacity, samples, Afghan-Japan Hospital",توقف المستشفى الأفغاني الياباني في كابول عن قبول عينات لاختبارCOVID-19 لمدة يومين ، بسبب زيادة الطلبات، على الرغم من قدرته على اختبار 300 عينة في اليوم.,Medium,Health
موضوعات الحب والفقدان عالمية في الأدب، تتجاوز حواجز اللغة.,___ ___ والفقدان عالمية في الأدب، تتجاوز ___ اللغة.,"الحب, موضوعات, حواجز","The themes of love and loss are universal in literature, transcending language barriers.",Medium,Litrature
"As of October 5, 2010 at least 400 children have died from the effects of lead poisoning.","As of October 5, 2010 at least 400 children have died from the ___ of ___.","lead poisoning, effects",واعتبارًا من 5 أكتوبر 2010، توفي ما لا يقل عن 400 طفل من آثار التسمم بالرصاص.,Medium,Health
العناية بصحتك النفسية من خلال التحدث مع معالج أو مستشار يمكن أن يوفر دعمًا قيمًا لإدارة التوتر والاكتئاب والقلق.,العناية بصحتك ___ من خلال ___ مع معالج أو مستشار يمكن أن يوفر دعمًا قيمًا ___ التوتر والاكتئاب والقلق.,"التحدث, لإدارة, النفسية","Taking care of your mental health by talking to a therapist or counselor can provide valuable support for managing stress, depression, and anxiety.",Medium,Health
يمكن أن يؤدي استهلاك الكحول المفرط إلى تلف الكبد وزيادة خطر الإصابة بأمراض القلب وتدهور الوظائف الإدراكية مع مرور الوقت.,يمكن أن يؤدي استهلاك الكحول ___ إلى تلف الكبد وزيادة خطر الإصابة بأمراض ___ وتدهور ___ الإدراكية مع مرور الوقت.,"المفرط, القلب, الوظائف","Excessive alcohol consumption can lead to liver damage, increase the risk of heart disease, and impair cognitive function over time.",Medium,Health
The court issued a subpoena compelling the witness to testify.,The court issued a ___ compelling the ___ to ___.,"testify, witness, subpoena",أصدرت المحكمة أمر استدعاء يلزم الشاهد بالإدلاء بشهادته.,Medium,Legal
Literary awards can bring attention to previously overlooked authors and works.,Literary ___ can bring ___ to previously overlooked ___ and works.,"attention, authors, awards",يمكن للجوائز الأدبية أن تسلط الضوء على مؤلفين وأعمال كانت مهملة سابقًا.,Medium,Litrature
وهو خلال ذلك الشريط الأزرق الرقيق الذي أوشكت على الذهاب إليه، إلى قمة الطقس.,وهو خلال ذلك الشريط ___ الرقيق ___ ___ على الذهاب إليه، إلى قمة الطقس.,"الأزرق, الذي, أوشكت","And it's through that thin blue streak that I'm about to go, to the very top of the weather.",Medium,Subtitle
"I'm Donal MacIntyre, and I'm going to journey around the world to seek out the wildest weather there is.","I'm Donal MacIntyre, and I'm going to journey around the world to seek out the ___ ___ there is.",wildest weather,أنا دونال ماكلنتاير، وسأسافر حول العالم للبحث عن الطقس الأكثر وحشية هناك.,Medium,Subtitle
ينظم القانون الإداري تصرفات الوكالات الحكومية ويضمن المساءلة.,ينظم ___ ___ ___ الوكالات الحكومية ويضمن المساءلة.,"القانون, تصرفات, الإداري",Administrative law governs the actions of government agencies and ensures accountability.,Medium,Legal
Criminal justice systems aim to rehabilitate offenders while protecting society.,Criminal ___ aim to ___ ___ while protecting society.,"rehabilitate, offenders, justice systems",تهدف أنظمة العدالة الجنائية إلى إعادة تأهيل الجناة مع حماية المجتمع.,Medium,Legal
Literary critics analyze texts to uncover deeper meanings and societal implications.,Literary ___ analyze texts to uncover deeper meanings and ___.,"societal implications, critics",يحلل النقاد الأدبيون النصوص لكشف المعاني الأعمق والتأثيرات المجتمعية.,Medium,Litrature
Regular physical activity can lower the risk of chronic diseases.,Regular ___ can lower the risk of ___.,"chronic diseases, physical activity",النشاط البدني المنتظم يمكن أن يقلل من خطر الأمراض المزمنة.,Medium,Health
Themes of exile and belonging are central to much of modern Arabic poetry and prose.,Themes of exile and ___ are central to much of modern Arabic poetry and prose.,"modern poetry, belonging",موضوعات المنفى والانتماء هي محور العديد من أشعار ونثر الأدب العربي الحديث.,Medium,Litrature
"Poor sleep hygiene, such as inconsistent sleep schedules or excessive screen time before bed, can negatively affect both your sleep quality and mental health.","Poor ___, such as inconsistent sleep ___ or excessive screen time before bed, can negatively affect both your sleep quality and ___.","sleep hygiene, schedules, mental health",يمكن أن تؤثر عادات النوم السيئة، مثل جداول النوم غير المنتظمة أو استخدام الأجهزة الإلكترونية بشكل مفرط قبل النوم، سلبًا على جودة نومك وصحتك النفسية.,Medium,Health
And that's because this... is the doldrums.,And that's because this... is the ___.,Doldrums,وذلك لأن هذا... هو الكساد.,Medium,Subtitle
The economy is facing challenges due to global trade tensions.,The economy is facing challenges due to global trade ___.,tensions,يواجه الاقتصاد تحديات بسبب التوترات التجارية العالمية.,Medium,EcoFinancial
تم تأييد إدانة المتهم من قبل محكمة الاستئناف.,تم ___ إدانة ___ من قبل ___ الاستئناف.,"تأييد, محكمة, المتهم",The defendant's conviction was upheld by the appellate court.,Medium,Legal
الفحوصات الوقائية، مثل الماموغرام والتنظير القولوني، يمكن أن تساعد في الكشف عن العلامات المبكرة للسرطان، مما يؤدي إلى علاج أكثر فعالية ونتائج أفضل.,الفحوصات الوقائية، مثل ___ ___ القولوني، ___ أن تساعد في الكشف عن العلامات المبكرة للسرطان، مما يؤدي إلى علاج أكثر فعالية ونتائج أفضل.,"يمكن, الماموغرام, والتنظير","Preventive screenings, such as mammograms and colonoscopies, can help detect early signs of cancer, leading to more effective treatment and better outcomes.",Medium,Health
The judge instructed the jury to disregard the inadmissible testimony.,The judge instructed the jury to disregard the inadmissible ___.,testimony,وجه القاضي هيئة المحلفين بتجاهل الشهادة غير المقبولة.,Medium,Legal
The right to privacy is safeguarded by laws against unauthorized surveillance.,The right to ___ is ___ by laws against ___.,"safeguarded, privacy, unauthorized surveillance",يتم حماية الحق في الخصوصية من خلال القوانين التي تحظر المراقبة غير المصرح بها.,Medium,Legal
تتيح الرواية للكتاب معالجة القضايا الواقعية من خلال السرد الخيالي.,___ الرواية للكتاب ___ القضايا الواقعية من خلال السرد ___,"معالجة, تتيح, الخيالي.",Fiction allows writers to address real-life issues through imaginative narratives.,Medium,Litrature
تنويع الاستثمارات يمكن أن يقلل من المخاطر المالية.,___ ___ ___ أن يقلل من المخاطر المالية.,"تنويع, الاستثمارات, يمكن",Diversifying investments can reduce financial risk.,Medium,EcoFinancial
يساعدنا قراءة الأدب التاريخي على فهم كيف رأت المجتمعات السابقة العالم من حولها.,يساعدنا ___ الأدب ___ على فهم كيف رأت المجتمعات السابقة ___ من حولها.,"العالم, قراءة, التاريخي",Reading historical literature helps us understand how past societies viewed the world around them.,Medium,Litrature
كل الرطوبة في الهواء قد جفت.,كل ___ في ___ قد ___,"الرطوبة, الهواء, جفت.",All the moisture in the air has dried out.,Medium,Subtitle
Modern Arabic literature often addresses social and political issues.,___ ___ literature often addresses ___ and political issues.,"social, modern arabic",يتناول الأدب العربي الحديث غالبًا القضايا الاجتماعية والسياسية.,Medium,Litrature
سأخذ جولة إلى القلب البارد للشتاء.,___ ___ إلى ___ البارد للشتاء.,"القلب, سأخذ, جولة",I'm going to take a ride into the cold heart of winter.,Medium,Subtitle
يظهر الاقتصاد علامات على التعافي بعد الركود.,___ الاقتصاد علامات على ___ بعد ___,"الركود., يظهر, التعافي",The economy is showing signs of recovery after the recession.,Medium,EcoFinancial
Getting a flu shot every year can significantly reduce the risk of getting sick.,Getting a ___ every year can ___ ___ the risk of getting sick.,"flu shot, reduce, significantly",الحصول على لقاح الإنفلونزا كل عام يمكن أن يقلل بشكل كبير من خطر الإصابة بالمرض.,Medium,Health
تناول مجموعة متنوعة من الأطعمة الغنية بالعناصر الغذائية، مثل الخضروات والبقوليات والبروتينات الخالية من الدهون، يمكن أن يساعد في تقوية جهاز المناعة والوقاية من الأمراض.,___ مجموعة متنوعة من الأطعمة الغنية بالعناصر الغذائية، مثل ___ والبقوليات والبروتينات الخالية من الدهون، يمكن أن يساعد في تقوية جهاز المناعة والوقاية من ___,"تناول, الأمراض., الخضروات","Eating a variety of nutrient-dense foods, such as vegetables, legumes, and lean proteins, can help strengthen the immune system and prevent illness.",Medium,Health