sentence,correct_translation,choices,Eng_Difficulty_Label,Topic_Label
The juxtaposition of the mundane and the extraordinary in Gabriel García Márquez's 'Love in the Time of Cholera' reflects the persistence of love through time.,يعكس التوازي بين العادي والاستثنائي في 'الحب في زمن الكوليرا' لغابرييل غارسيا ماركيز استمرارية الحب عبر الزمن.,"[""يعكس التناقض بين العادي والاستثنائي في 'الحب في زمن الكوليرا' لغابرييل غارسيا ماركيز استمرارية الكراهية عبر الزمن."", ""يعكس التطابق بين العادي والاستثنائي في 'الحب في زمن الكوليرا' لغابرييل غارسيا ماركيز استمرارية الحياة عبر الزمن."", ""يعكس الاختلاف بين العادي والاستثنائي في 'الحب في زمن الكوليرا' لغابرييل غارسيا ماركيز استمرارية الفقد عبر الزمن.""]",Hard,Litrature
قرر المحكمة، وفقًا لتقديرها، إصدار أمر تقييدي مؤقت لمنع حدوث ضرر غير قابل للإصلاح للمدعي في انتظار الحكم النهائي في القضية.,"The court, in its discretion, decided to issue a temporary restraining order to prevent further irreparable harm to the plaintiff while awaiting the final resolution of the case.","['The court decided to not issue a temporary restraining order to prevent further irreparable harm to the plaintiff while awaiting the final resolution of the case.', 'The court decided to issue a permanent restraining order to prevent further irreparable harm to the plaintiff while awaiting the final resolution of the case.', 'The court decided to issue a temporary restraining order to prevent further irreparable harm to the defendant while awaiting the final resolution of the case.']",Hard,Legal
The capital markets are experiencing increased volatility due to geopolitical tensions.,تشهد أسواق رأس المال تقلبات متزايدة بسبب التوترات الجيوسياسية.,"['تشهد أسواق رأس المال استقرارًا متزايدًا بسبب التوترات الجيوسياسية.', 'تشهد أسواق رأس المال انخفاضًا متزايدًا بسبب التوترات الجيوسياسية.', 'تشهد أسواق رأس المال تحسنًا متزايدًا بسبب التوترات الجيوسياسية.']",Hard,EcoFinancial
منحت المحكمة طلب المدعي للحصول على أمر حماية لمنع الكشف عن أسرار التجارة.,The court granted the plaintiff's motion for a protective order to prevent the disclosure of trade secrets.,"[""The court denied the plaintiff's motion for a protective order to prevent the disclosure of trade secrets."", ""The court granted the defendant's motion for a protective order to prevent the disclosure of trade secrets."", 'The court did not issue any protective order.']",Hard,Legal
يدعو التأمل الوجودي حول الحرية والمسؤولية في 'الغثيان' لسارتر القراء لمواجهة عبثية الوجود البشري.,The existential reflection on freedom and responsibility in Sartre's 'Nausea' invites readers to confront the absurdity of human existence.,"[""The existential reflection on freedom and responsibility in Sartre's 'Nausea' invites readers to embrace the meaning of human existence."", ""The existential reflection on freedom and responsibility in Sartre's 'Nausea' invites readers to avoid the absurdity of human existence."", ""The existential reflection on freedom and responsibility in Sartre's 'Nausea' does not discuss the human existence.""]",Hard,Litrature
تسمح التقدمات في الطب الشخصي بتخصيص نظم العلاج بناءً على الملف الجيني الفريد للفرد وخصائص المرض.,Advances in personalized medicine allow for the tailoring of treatment regimens based on an individual's unique genetic profile and disease characteristics.,"['Advances in personalized medicine allow for the tailoring of treatment regimens based on the symptoms of the disease.', ""Advances in personalized medicine do not allow for tailoring of treatment regimens based on an individual's unique genetic profile."", 'Advances in personalized medicine allow for the tailoring of treatment regimens based on the doctor’s preferences.']",Hard,Health
ليس الأمر عن الفوز أو الخسارة؛ إنه عن البقاء على قيد الحياة عندما يتخلى الجميع.,It’s not about winning or losing; it’s about surviving when everyone else has given up.,"['It’s about winning not surviving when everyone else has given up.', 'It’s about losing not surviving when everyone else has given up.', 'It’s about winning and losing, not surviving when everyone else has given up.']",Hard,Subtitle
كما تمت مناقشة المقترحات من خلال الوسائل الإلكترونية في اجتماعات عقدت على نطاق الأمانة العامة.,The proposals had also been discussed by electronic means and at meetings throughout the Secretariat.,"['The proposals had only been discussed by electronic means.', 'The proposals had only been discussed at meetings.', 'The proposals had not been discussed at all.']",Hard,Legal
شهد قطاع العقارات نموًا كبيرًا مدفوعًا بالاستثمار الأجنبي.,"The real estate sector has seen significant growth, driven by foreign investment.","['The real estate sector has seen significant growth, driven by local investment.', 'The real estate sector has seen significant decline, driven by foreign investment.', 'The real estate sector has seen no growth, driven by foreign investment.']",Hard,EcoFinancial
لقد أثار ظهور سلالات جديدة من COVID-19، مثل سلالات دلتا وأوميكرون، القلق بشأن مقاومة محتملة للعلاجات واللقاحات الحالية.,"The emergence of new COVID-19 variants, such as the Delta and Omicron strains, has raised concerns about potential resistance to existing treatments and vaccines.","['The emergence of new COVID-19 variants has raised no concerns about potential resistance to existing treatments and vaccines.', 'The emergence of new COVID-19 variants has raised concerns about potential increase in the effectivity of existing treatments and vaccines.', 'The emergence of new COVID-19 variants has decreased concerns about potential resistance to existing treatments and vaccines.']",Hard,Health
ينتقد التصوير الساخر للبيروقراطية في 'المحاكمة' لفرانز كافكا الجوانب اللاإنسانية للمجتمع الحديث.,The satirical portrayal of bureaucracy in Franz Kafka's 'The Trial' critiques the dehumanizing aspects of modern society.,"[""The satirical portrayal of bureaucracy in Franz Kafka's 'The Trial' celebrates the humanizing aspects of modern society."", ""The serious portrayal of bureaucracy in Franz Kafka's 'The Trial' critiques the dehumanizing aspects of ancient society."", ""The satirical portrayal of bureaucracy in Franz Kafka's 'The Trial' has nothing to do with dehumanizing aspects of modern society.""]",Hard,Litrature
تخضع وضعية السيولة للمؤسسة المالية للتدقيق من قبل المنظمين.,The financial institution's liquidity position is under scrutiny by regulators.,"[""The financial institution's profitability is under scrutiny by regulators."", ""The financial institution's stability is not under scrutiny by regulators."", ""The financial institution's ethical behavior is under scrutiny by regulators.""]",Hard,EcoFinancial
أنت تواصل الانتظار لشخص لينقذك، لكن لا أحد سيأتي.,"You keep waiting for someone to save you, but no one is coming.","['You keep waiting for someone to save you, and someone is coming.', 'You keep waiting for someone to attack you, but no one is coming.', 'You keep waiting for someone to help you, but someone is coming.']",Hard,Subtitle
لا يوجد أبطال هنا. فقط أشخاص يفعلون ما يمكنهم للبقاء على قيد الحياة.,There are no heroes here. Just people doing what they can to survive.,"['There are many heroes here. Just people doing what they can to survive.', 'There are no heroes here. Just people doing whatever they want.', 'There are many heroes here and they have an easy life.']",Hard,Subtitle
تلعب التعديلات الجينية اللاجينية، مثل مثيلة الحمض النووي، دورًا حاسمًا في تنظيم التعبير الجيني وقابلية الإصابة بالأمراض.,"Epigenetic modifications, such as DNA methylation, play a crucial role in regulating gene expression and disease susceptibility.","['Epigenetic modifications play a small role in regulating gene expression and disease susceptibility.', 'Epigenetic modifications play no role in regulating gene expression and disease susceptibility.', 'Epigenetic modifications such as protein synthesis have a crucial role in regulating gene expression.']",Hard,Health
يتحدى قلب الأدوار الجندرية التقليدية في 'أورلاندو' لفرجينيا وولف المعايير الاجتماعية ويستكشف مرونة الهوية.,The subversion of traditional gender roles in Virginia Woolf's 'Orlando' challenges societal norms and explores the fluidity of identity.,"[""The reinforcement of traditional gender roles in Virginia Woolf's 'Orlando' challenges societal norms and explores the fluidity of identity."", ""The subversion of traditional gender roles in Virginia Woolf's 'Orlando' supports societal norms and explores the fluidity of identity."", ""The subversion of traditional gender roles in Virginia Woolf's 'Orlando' has no relation to societal norms and the fluidity of identity.""]",Hard,Litrature
يعرض الاستكشاف المعقد للحالة الإنسانية في 'المحاكمة' لفرانز كافكا انتقادًا للطبيعة القمعية للبيروقراطية والنظم القانونية.,The intricate exploration of the human condition in Franz Kafka's 'The Trial' critiques the oppressive nature of bureaucracy and legal systems.,"[""The simple exploration of the human condition in Franz Kafka's 'The Trial' supports the oppressive nature of bureaucracy and legal systems."", ""The complex exploration of the human condition in Franz Kafka's 'The Trial' critiques the liberating nature of bureaucracy and legal systems."", ""The intricate exploration of the animal condition in Franz Kafka's 'The Trial' critiques the oppressive nature of bureaucracy and legal systems.""]",Hard,Litrature
يغوص استكشاف الخوف الوجودي في 'موبي ديك' لهيرمان ميلفيل في البحث العميق عن المعنى في كون لا مبالي.,The exploration of existential dread in Herman Melville's 'Moby-Dick' delves into the profound search for meaning in an indifferent universe.,"[""The exploration of happiness in Herman Melville's 'Moby-Dick' delves into the profound search for meaning in an indifferent universe."", ""The exploration of existential dread in Herman Melville's 'Moby-Dick' delves into the shallow search for meaning in an indifferent universe."", ""The exploration of existential dread in Herman Melville's 'Moby-Dick' delves into the profound search for meaning in a caring universe.""]",Hard,Litrature
يتحمل المدعي عبء الإثبات لإثبات أن أفعال المدعى عليه تسببت مباشرة في الأضرار المزعومة، وعدم القيام بذلك قد يؤدي إلى رفض القضية.,"The plaintiff has the burden of proof to establish that the defendant’s actions directly caused the alleged damages, and failure to do so may result in the dismissal of the case.","['The defendant has the burden of proof to establish that the plaintiff’s actions directly caused the alleged damages.', 'The plaintiff does not have the burden of proof to establish that the defendant’s actions directly caused the alleged damages.', 'The defendant has no burden in proving the plaintiff’s actions caused the alleged damages.']",Hard,Legal
تعمل المجتمع الديستوبي الذي يصوره 'عالم جديد شجاع' لألدوس هكسلي كقصة تحذيرية حول التقدم التكنولوجي.,The dystopian society depicted in Aldous Huxley's 'Brave New World' serves as a cautionary tale about technological advancement.,"[""The utopian society depicted in Aldous Huxley's 'Brave New World' serves as a cautionary tale about technological advancement."", ""The society depicted in Aldous Huxley's 'Brave New World' serves as an encouraging tale about technological advancement."", ""The society depicted in Aldous Huxley's 'Brave New World' has no connection to technological advancement.""]",Hard,Litrature
يضيف استخدام الرواة غير الموثوقين في الأدب، كما في 'فتاة مفقودة' لجيلين فلين، تعقيدًا للسرد.,"The use of unreliable narrators in literature, such as in Gillian Flynn's 'Gone Girl', adds complexity to the narrative.","[""The use of reliable narrators in literature, such as in Gillian Flynn's 'Gone Girl', adds simplicity to the narrative."", ""The use of unreliable narrators in literature, such as in Gillian Flynn's 'Gone Girl', adds clarity to the narrative."", 'The use of unreliable narrators in literature does not affect the complexity of the narrative.']",Hard,Litrature
أيدت محكمة الاستئناف قرار المحكمة الأدنى، مؤكدة إدانة المتهم في جميع التهم.,"The appellate court upheld the lower court's decision, affirming the defendant's conviction on all counts.","[""The appellate court overturned the lower court's decision, affirming the defendant's conviction on all counts."", ""The appellate court upheld the lower court's decision, overturning the defendant's conviction on all counts."", 'The appellate court did not address the decision of the lower court.']",Hard,Legal
يخضع إطار إدارة المخاطر للمؤسسة المالية للمراجعة.,The financial institution's risk management framework is under review.,"[""The financial institution's risk management framework is not under review."", ""The financial institution's customer service is under review."", ""The financial institution's marketing strategies are under review.""]",Hard,EcoFinancial
يُظهر استخدام السخرية في 'الكبرياء والتحامل' لجين أوستن تعقيدات الأعراف الاجتماعية والرغبات الفردية.,The use of irony in Jane Austen's 'Pride and Prejudice' reveals the complexities of societal norms and individual desires.,"[""The use of irony in Jane Austen's 'Pride and Prejudice' hides the complexities of societal norms and individual desires."", ""The use of seriousness in Jane Austen's 'Pride and Prejudice' reveals the complexities of societal norms and individual desires."", ""The use of irony in Jane Austen's 'Pride and Prejudice' has no connection to the complexities of societal norms and individual desires.""]",Hard,Litrature
لا يزال السل المقاوم للأدوية المتعددة يمثل تحديًا كبيرًا للصحة العامة، ويتطلب استراتيجيات تشخيص وعلاج أكثر قوة.,"Multi-drug-resistant tuberculosis remains a major public health challenge, requiring more robust diagnostic and treatment strategies.","['Multi-drug-resistant tuberculosis does not represent a major public health challenge.', 'Multi-drug-resistant tuberculosis requires the use of simpler diagnostic and treatment strategies.', 'Multi-drug-resistant tuberculosis requires no diagnostic and treatment strategies.']",Hard,Health
المشكلة هي أنك ذكي جداً لدرجة أنك تبدأ في تصديق أكاذيبك الخاصة.,"The problem is, you're too smart for your own good, and you're starting to believe your own lies.","[""The problem is, you're not smart enough and you're not starting to believe your own lies."", ""The problem is, you're too smart for your own good and you are still not believing your own lies."", ""The problem is, you're too smart for your own good, and you're starting to tell the truth.""]",Hard,Subtitle
تكشف العمق النفسي في 'قلب الرجل المخبأ' لإدغار آلان بو عن انحدار الراوي إلى الجنون والشعور بالذنب.,"The psychological depth in Edgar Allan Poe's ""The Tell-Tale Heart"" reveals the narrator's descent into madness and guilt.","[""The psychological shallowness in Edgar Allan Poe's 'The Tell-Tale Heart' reveals the narrator's ascent into sanity and innocence."", ""The psychological depth in Edgar Allan Poe's 'The Tell-Tale Heart' reveals the narrator's ascent into madness and guilt."", ""The psychological depth in Edgar Allan Poe's 'The Tell-Tale Heart' reveals the narrator's descent into sanity and innocence.""]",Hard,Litrature
يعمل الحاجز الدموي الدماغي كمرشح انتقائي، لحماية الجهاز العصبي المركزي من المواد الضارة المحتملة في مجرى الدم.,"The blood-brain barrier serves as a selective filter, protecting the central nervous system from potentially harmful substances in the bloodstream.","['The blood-brain barrier serves as a filter allowing all substances to pass, protecting the central nervous system from potentially harmful substances in the bloodstream.', 'The blood-brain barrier serves as a selective filter, allowing all substances to pass, protecting the central nervous system from potentially harmful substances in the bloodstream.', 'The blood-brain barrier does not serve as a selective filter, protecting the central nervous system from potentially harmful substances in the bloodstream.']",Hard,Health
في قضايا الملكية الفكرية، قد تمنح المحكمة تعويضات فعلية وقانونية حسب شدة الانتهاك.,"In intellectual property cases, courts may award both actual and statutory damages depending on the infringement's severity.","[""In intellectual property cases, courts may only award actual damages depending on the infringement's severity."", ""In intellectual property cases, courts may not award any type of damages depending on the infringement's severity."", ""In intellectual property cases, courts may only award statutory damages regardless of the infringement's severity.""]",Hard,Legal
تؤدي الضغوط التضخمية إلى تقليص القوة الشرائية للمستهلكين.,The inflationary pressures are eroding consumers' purchasing power.,"[""The deflationary pressures are eroding consumers' purchasing power."", ""The inflationary pressures are increasing consumers' purchasing power."", ""The deflationary pressures are increasing consumers' purchasing power.""]",Hard,EcoFinancial
بعض الخيارات سهلة، ولكن معظمها فقط بين أنواع مختلفة من المعاناة.,"Some choices are easy, but most are just between different kinds of suffering.","['Some choices are easy, and most are just between different kinds of joy.', 'All choices are easy and between different kinds of suffering.', 'All choices are hard and there are no difference between them.']",Hard,Subtitle
أثرت تقلبات سعر الصرف على اتفاقيات التجارة الدولية.,The exchange rate volatility has impacted international trade agreements.,"['The exchange rate stability has impacted international trade agreements.', 'The exchange rate volatility has had no impact on international trade agreements.', 'The local rate volatility has impacted international trade agreements.']",Hard,EcoFinancial
لم أصل إلى هنا فقط لأخسر كل شيء الآن.,I didn’t come this far just to lose everything now.,"['I didn’t come this far just to win everything now.', 'I didn’t come this far just to gain more.', 'I didn’t come this far just to do nothing.']",Hard,Subtitle
ينتقد فيلم 'غاتسبي العظيم' للكاتب سكوت فيتزجيرالد الحلم الأمريكي من خلال تصويره للانحطاط والانحلال الأخلاقي.,F. Scott Fitzgerald's 'The Great Gatsby' critiques the American Dream through its portrayal of decadence and moral decay.,"[""F. Scott Fitzgerald's 'The Great Gatsby' celebrates the American Dream through its portrayal of decadence and moral decay."", ""F. Scott Fitzgerald's 'The Great Gatsby' critiques the American Dream through its portrayal of a moral growth."", ""F. Scott Fitzgerald's 'The Great Gatsby' doesn't talk about American Dream.""]",Hard,Litrature
تم أمر المتهم بالتوقف عن استخدام مواد المدعي المحمية بحقوق الطبع والنشر بدون إذن، تحت طائلة اتخاذ إجراءات قانونية إضافية.,"The defendant was ordered to cease and desist from using the plaintiff’s copyrighted materials without authorization, under the penalty of further legal action.","['The defendant was ordered to continue using the plaintiff’s copyrighted materials without authorization.', 'The defendant was ordered to cease using the plaintiff’s copyrighted materials with authorization.', 'The defendant can use the copyrighted material and there is no penalty.']",Hard,Legal
تهدف حزمة التحفيز المالي الحكومية إلى تنشيط الاقتصاد.,The government's fiscal stimulus package aims to revitalize the economy.,"[""The government's fiscal stimulus package aims to stagnate the economy."", ""The government's fiscal stimulus package aims to slow down the economy."", ""The government's fiscal stimulus package has no effects on the economy.""]",Hard,EcoFinancial
اتسع العجز المالي بسبب زيادة الإنفاق الحكومي.,The fiscal deficit has widened due to increased government spending.,"['The fiscal deficit has decreased due to increased government spending.', 'The fiscal deficit has widened due to decreased government spending.', 'The fiscal deficit has not changed despite the increase in government spending.']",Hard,EcoFinancial
يقدم استكشاف الهوية واكتشاف الذات في 'الرجل الخفي' لرافيل إليسون تعليقًا عميقًا على العرق والمجتمع.,The exploration of identity and self-discovery in Ralph Ellison's 'Invisible Man' offers a profound commentary on race and society.,"[""The exploration of identity and self-discovery in Ralph Ellison's 'Invisible Man' offers a superficial commentary on race and society."", ""The exploration of identity and self-discovery in Ralph Ellison's 'Invisible Man' has no commentary on race and society."", ""The exploration of identity and self-discovery in Ralph Ellison's 'Invisible Man' offers a profound commentary on politics and society.""]",Hard,Litrature
مشاكل الصحة النفسية، إذا تركت دون علاج، يمكن أن تؤدي إلى عواقب وخيمة تؤثر ليس فقط على الفرد ولكن أيضًا على علاقاته وحياته المهنية.,"Mental health problems, if left untreated, can lead to severe consequences, affecting not only the individual but also their relationships and work life.","['Mental health problems, if left untreated, do not lead to severe consequences, affecting only the individual.', 'Mental health problems, if left untreated, can lead to mild consequences, affecting only the individual.', 'Mental health problems, if left untreated, have no affect on the individual’s relationships and work life.']",Medium,Health
وأعرب الوزراء عن بالغ قلقهم إزاء استمرار العنف وإزاء اﻷزمة السياسية في بوروندي.,The Ministers expressed their grave concern at the continued violence and at the political crisis in Burundi.,"['The Ministers expressed their satisfaction at the continued violence and at the political crisis in Burundi.', 'The Ministers expressed their minor concern at the end of violence and political crisis in Burundi.', ""The Ministers didn't express any opinions about the violence and the political crisis in Burundi.""]",Medium,Legal
رفضت المحكمة الدعوى بسبب نقص الاختصاص القضائي.,The court dismissed the lawsuit due to lack of jurisdiction.,"['The court accepted the lawsuit despite the lack of jurisdiction.', 'The court dismissed the lawsuit due to lack of evidence.', 'The court accepted the lawsuit despite of the strong jurisdiction.']",Medium,Legal
النظام الغذائي الغني بمضادات الأكسدة، بما في ذلك الفواكه والخضروات والحبوب الكاملة، يمكن أن يساعد في تقليل الالتهابات ومنع تلف الخلايا.,"A diet rich in antioxidants, including fruits, vegetables, and whole grains, can help reduce inflammation and prevent cell damage.","['A diet low in antioxidants, including fruits, vegetables, and whole grains, can help reduce inflammation and prevent cell damage.', 'A diet rich in processed food, can help reduce inflammation and prevent cell damage.', 'A diet rich in antioxidants, including meats, can increase inflammation and cause cell damage.']",Medium,Health
تعمل كغطاء، تحصر كل طقسنا تحتها.,"It acts as a lid, trapping all our weather below.","['It acts as a cover, releasing all our weather above.', 'It acts as a filter, releasing all our weather above.', 'It acts as a barrier, releasing all our weather below.']",Medium,Subtitle
رد السوق المالي بشكل إيجابي على قانون الاستثمار الجديد.,The financial market has reacted positively to the new investment law.,"['The financial market has reacted negatively to the new investment law.', 'The financial market has not reacted to the new investment law.', 'The financial market has reacted aggressively to the new investment law.']",Medium,EcoFinancial
الطاقة الحادة للشمس تسخن الهواء، الذي يرتفع في أعمدة ضخمة، مما يجذب الرياح السطحية القوية من الشمال والجنوب.,"The intense energy of the sun heats the air, which rises in huge columns, sucking in powerful surface winds from north and south.","['The intense energy of the sun cools the air, which rises in huge columns, sucking in powerful surface winds from north and south.', 'The intense energy of the moon heats the air, which rises in huge columns, sucking in powerful surface winds from north and south.', 'The intense energy of the sun heats the air, which falls in huge columns, pushing down surface winds from north and south.']",Medium,Subtitle
الالتزام بإرشادات الصحة العامة، مثل ارتداء الكمامات وممارسة التباعد الاجتماعي وغسل اليدين بشكل متكرر، يلعب دورًا حاسمًا في الحد من انتشار فيروس كورونا.,"Adhering to public health guidelines, such as wearing masks, practicing social distancing, and frequent handwashing, plays a crucial role in limiting the spread of COVID-19.","['Ignoring public health guidelines, such as wearing masks, practicing social distancing, and frequent handwashing, plays a crucial role in limiting the spread of COVID-19.', 'Adhering to public health guidelines, such as wearing masks, practicing social distancing, and frequent handwashing, plays no role in limiting the spread of COVID-19.', 'Adhering to public health guidelines, such as wearing masks and frequent handwashing, plays a crucial role in increasing the spread of COVID-19.']",Medium,Health
قرارات البنك المركزي تؤثر على السياسة النقدية للبلاد.,The central bank's decisions affect the country's monetary policy.,"[""The central bank's decisions affect the country's fiscal policy."", ""The central bank's decisions have no effect on the country's monetary policy."", ""The commercial banks’ decisions affect the country's monetary policy.""]",Medium,EcoFinancial
يمكن أن يؤدي التوتر المزمن إلى إضعاف جهاز المناعة، مما يجعل الجسم أكثر عرضة للإصابة بالعدوى ويؤخر عملية شفاء الجروح.,"Chronic stress can weaken the immune system, making the body more vulnerable to infections and delaying the healing process of wounds.","['Chronic stress can strengthen the immune system, making the body less vulnerable to infections and accelerating the healing process of wounds.', ""Chronic stress has no effect on the immune system, nor the body's ability to fight infections and heal wounds."", 'Chronic stress can weaken the immune system, making the body less vulnerable to infections but still delaying the healing process of wounds.']",Medium,Health
لكل ميل نرتفعه، يبرد الهواء بـ 17 درجة مئوية.,"For every mile we climb, the air cools by 17 degrees Celsius.","['For every mile we climb, the air cools by 7 degrees Celsius.', 'For every mile we descend, the air cools by 17 degrees Celsius.', 'For every mile we climb, the air heats by 17 degrees Celsius.']",Medium,Subtitle
The Grand Canyon is a well-known tourist destination.,الاخدود العظيم هو مقصد سياحي معروف,"['الاخدود العظيم هو مكان سياحي غير معروف', 'الوادي الكبير هو مكان يزوره السياح', 'الاخدود العظيم مكان اثري مهجور']",Easy,Litrature
أستطيع سماع الطيور تغني.,I can hear the birds singing.,"['I can see the birds singing.', 'I can feel the birds singing.', 'I can hear the dogs barking.']",Easy,Subtitle
Human rights organizations work to protect freedoms worldwide.,تعمل منظمات حقوق الإنسان على حماية الحريات في جميع أنحاء العالم.,"['تعمل منظمات حقوق الإنسان على انتهاك الحريات في جميع أنحاء العالم.', 'تعمل المنظمات الخيرية على حماية الحريات في جميع أنحاء العالم.', 'تعمل منظمات حقوق الحيوان على حماية الحريات في جميع أنحاء العالم.']",Easy,Legal
Banks are offering lower interest rates on mortgages.,تقدم البنوك أسعار فائدة منخفضة على الرهون العقارية.,"['تقدم البنوك أسعار فائدة مرتفعة على الرهون العقارية.', 'تقدم البنوك أسعار فائدة منخفضة على القروض الشخصية.', 'تقدم البنوك قروض بدون فوائد.']",Easy,EcoFinancial
الاقتصاد يواجه تحديات بسبب الأحداث العالمية.,The economy is facing challenges due to global events.,"['The economy is doing well despite global events.', 'The economy is improving because of global events.', 'The economy is not related to global events.']",Easy,EcoFinancial
كل شيء هادئ جدًا هنا.,Everything is so peaceful here.,"['Everything is so noisy here.', 'Everything is so busy here.', 'Everything is so dangerous here.']",Easy,Subtitle
Clean drinking water prevents many illnesses.,مياه الشرب النظيفة تمنع العديد من الأمراض.,"['مياه الشرب الملوثة تمنع العديد من الأمراض.', 'مياه الشرب النظيفة تسبب العديد من الأمراض.', 'مياه الصرف الصحي تمنع العديد من الأمراض.']",Easy,Health
تحمي الحقوق المدنية الأفراد من التمييز.,Civil rights protect individuals from discrimination.,"['Civil rights allow individuals to discriminate.', 'Civil rights protect only groups of individuals from discrimination.', 'Civil rights are not related to discrimination.']",Easy,Legal
كم هي عدد الساعات المستغرقة للذهاب إلى أوكيناوا بالطائرة؟,How many hours does it take to go to Okinawa by plane?,"['How many days does it take to go to Okinawa by plane?', 'How many hours does it take to go to Tokyo by plane?', 'How many hours does it take to go to Okinawa by boat?']",Easy,Litrature
يقرر هيئة المحلفين نتيجة المحاكمة بناءً على الأدلة المقدمة.,A jury decides the outcome of a trial based on the evidence presented.,"['A judge decides the outcome of a trial based on the evidence presented.', 'A jury decides the outcome of a trial based on the witness testimony.', 'A jury decides the outcome of a trial based on their personal opinions.']",Easy,Legal
يصبح مشروع القانون قانونًا بعد أن يوافق عليه البرلمان.,A bill becomes a law after it is approved by parliament.,"['A bill becomes a law before it is approved by parliament.', 'A bill becomes a law after it is approved by the president.', 'A bill never becomes a law.']",Easy,Legal
التمدد المنتظم يمكن أن يمنع تيبس العضلات.,Regular stretching can prevent muscle stiffness.,"['Regular stretching can cause muscle stiffness.', 'Regular stretching can increase muscle mass.', 'Regular stretching has nothing to do with muscle stiffness.']",Easy,Health
البنك المركزي يتحكم في عرض النقود في البلاد.,The central bank controls the country's money supply.,"[""The commercial bank controls the country's money supply."", ""The ministry of finance controls the country's money supply."", ""The parliament controls the country's money supply.""]",Easy,EcoFinancial
تحمي القوانين حقوق الناس وتضمن العدالة.,Laws protect people’s rights and ensure fairness.,"[""Laws only protect people's rights."", 'Laws only ensure fairness.', 'Laws violate people’s rights and ensures injustice.']",Easy,Legal
الناس ينفقون المزيد من المال هذا العام.,People are spending more money this year.,"['People are spending less money this year.', 'People are saving more money this year.', 'People are donating more money this year.']",Easy,EcoFinancial
تناول السمك مرتين في الأسبوع مفيد لقلبك.,Eating fish twice a week is good for your heart.,"['Eating meat twice a week is good for your heart.', 'Eating fish once a week is bad for your heart.', 'Eating vegetables twice a week is bad for your heart.']",Easy,Health
هذا الإجراء البسيط يمكن أن يقلل من معدل الوفيات الناجمة عن هذه الأمراض بنحو 50 في المائة.,This simple action can reduce the rate of mortality from these diseases by almost 50 per cent.,"['This simple action can increase the rate of mortality from these diseases by almost 50 per cent.', 'This simple action can reduce the rate of mortality from these diseases by almost 10 per cent.', 'This simple action has no effect on the rate of mortality from these diseases.']",Easy,Health
النمو الاقتصادي مهم لخلق فرص العمل.,Economic growth is important for job creation.,"['Economic growth is not important for job creation.', 'Economic growth is important for job destruction.', 'Economic growth is important for environmental protection.']",Easy,EcoFinancial
لقد حضر الاجتماع كممثل للشركة,He attended the meeting as the company representative.,"['He attended the meeting as a guest.', 'He attended the meeting as a visitor.', ""He didn't attend the meeting.""]",Easy,Litrature
الميزانية تساعد في إدارة الشؤون المالية الشخصية.,A budget helps manage personal finances.,"['A budget helps spend personal finances.', 'A budget has no role in personal finances.', 'A budget helps increase personal debt.']",Easy,EcoFinancial
سنعرف كيف نصلح هذا بطريقة أو بأخرى,"One way or another, we'll figure out how to fix this.","[""We'll never know how to fix this."", ""We'll try to fix this with one specific method only."", ""We'll know how to fix this very easily.""]",Easy,Litrature
توفير المال يساعد الناس على الاستعداد للطوارئ.,Saving money helps people prepare for emergencies.,"['Spending money helps people prepare for emergencies.', 'Saving money helps people prepare for celebrations.', 'Saving money has nothing to do with emergencies.']",Easy,EcoFinancial
أيهما تفضل الأحمر أم الازرق ؟,"Which one do you prefer, the red one or the blue one?","['Which one do you hate, the red one or the blue one?', 'Which one do you prefer, the green one or the yellow one?', 'Which one do you prefer, the white one or the black one?']",Easy,Litrature
إنه يوم رائع للمغامرة.,It’s a great day for an adventure.,"['It’s a bad day for an adventure.', ""It's a great day for sleeping."", ""It's a great day for staying indoors.""]",Easy,Subtitle
دعونا نبقى هنا لفترة أطول.,Let's stay here a little longer.,"[""Let's leave here immediately."", ""Let's go there a little longer."", ""Let's stay there a little longer.""]",Easy,Subtitle
أحب هذا المكان الهادئ.,I love this peaceful place.,"['I hate this peaceful place.', 'I love this noisy place.', 'I love this dangerous place.']",Easy,Subtitle
يجب أن نستكشف هذه المنطقة.,We should explore this area.,"['We should not explore this area.', 'We should ignore this area.', 'We should leave this area.']",Easy,Subtitle
دعونا نلتقط هذه اللحظة.,Let's capture this moment.,"[""Let's forget this moment."", ""Let's delete this moment."", ""Let's ignore this moment.""]",Easy,Subtitle
العديد من الناس يستثمرون في العقارات.,Many people are investing in real estate.,"['Many people are investing in the stock market.', 'Many people are investing in banks.', 'Many people are investing in cryptocurrencies.']",Easy,EcoFinancial
يحدد الدستور سلطات فروع الحكومة.,The constitution defines the powers of government branches.,"['The constitution defines the powers of the president.', 'The constitution defines the powers of the people.', 'The constitution defines the powers of international organizations.']",Easy,Legal
هذا المكان مليء بالمفاجآت.,This place is full of surprises.,"['This place is full of boredom.', 'This place is full of dangers.', 'This place is full of calmness.']",Easy,Subtitle
تدير الحكومات المحلية الخدمات العامة مثل المياه والنفايات.,Local governments manage public services like water and waste.,"['Local governments manage private services like hotels and restaurants.', 'Local governments manage international services like airports and ports.', 'Local governments have no role in managing public services.']",Easy,Legal
قلل من وقت الشاشة لتقليل إجهاد العين.,Limit screen time to reduce eye strain.,"['Increase screen time to reduce eye strain.', 'Increase screen time to reduce eye health.', 'Screen time has no effect on eye strain.']",Easy,Health
إذا أردت الحصول على دراجة جديدة، من الفضل لك أن تبدأ بتوفير النقود,"If you want a new bike, you'd better start saving up.","[""If you want a new bike, you'd better start spending money."", ""If you want a new car, you'd better start saving up."", ""If you want a new bike, you don't need to save money.""]",Easy,Litrature
Investing in stocks can be profitable.,الاستثمار في الأسهم قد يكون مربحًا.,"[ ""الاستثمار في الأسهم دائمًا ما يكون خاسرًا."", ""الاستثمار في الأسهم ليس له مخاطر."", ""الاستثمار في السندات مربح دائمًا."" ]",Easy,EcoFinancial
قم بزيارة طبيبك بانتظام لإجراء الفحوصات.,Visit your doctor regularly for check-ups.,"['Visit your dentist regularly for check-ups.', 'Visit your vet regularly for check-ups.', 'Visit your teacher regularly for check-ups.']",Easy,Health
هذا يوم مثالي.,This is a perfect day.,"['This is a terrible day.', 'This is a cloudy day.', 'This is a normal day.']",Easy,Subtitle
كيف تعلم إن كان حساب بريدك الإلكتروني قد اختُرق؟,How do you know if your email account has been hacked?,"['How do you know if your phone has been hacked?', 'How do you know if your bank account has been hacked?', 'How do you know if your social media account has been hacked?']",Easy,Litrature
Reading food labels helps you make healthier choices.,قراءة ملصقات الطعام تساعدك على اتخاذ خيارات صحية.,"[ ""تجاهل ملصقات الطعام يساعدك على اتخاذ خيارات صحية."", ""قراءة ملصقات الطعام ليس لها أي تأثير على صحتك."", ""قراءة ملصقات الكتب تساعدك على اتخاذ خيارات صحية."" ]",Easy,Health
الوصية هي وثيقة قانونية تشرح كيفية توزيع ممتلكات الشخص بعد وفاته.,A will is a legal document that explains how a person’s property will be distributed after death.,"[""A will is a personal note that explains how a person's property will be distributed after death."", ""A will is a religious text that explains how a person's property will be distributed after death."", ""A will is a political document that explains how a person's property will be distributed after death.""]",Easy,Legal
"Vaccination is one of the most effective public health interventions, preventing the spread of infectious diseases and protecting individuals from serious illnesses.",التطعيم هو واحدة من أكثر التدخلات الصحية العامة فعالية، حيث يمنع انتشار الأمراض المعدية ويحمي الأفراد من الأمراض الخطيرة.,"[ ""التطعيم هو واحدة من أكثر التدخلات الصحية العامة غير فعالية، حيث يزيد انتشار الأمراض المعدية ولا يحمي الأفراد من الأمراض الخطيرة."", ""التطعيم هو واحدة من أكثر التدخلات الصحية العامة فعالية، حيث يزيد انتشار الأمراض المعدية ولا يحمي الأفراد من الأمراض الخطيرة."", ""التطعيم ليس له تأثير على انتشار الأمراض المعدية."" ]",Easy,Health
الحكومة تقدم مساعدات مالية للعائلات ذات الدخل المنخفض.,The government is providing financial aid to low-income families.,"['The government is not providing any financial aid to low-income families.', 'The government is providing financial aid to high-income families.', 'The government is providing financial aid to all families.']",Easy,EcoFinancial
ليس لدي الوقت لشراء ربطة عنق جديدة قبل الوليمة,I don't have time to buy a new tie before the banquet.,"['I have time to buy a new tie before the banquet.', ""I don't have time to buy a new suit before the banquet."", ""I don't need to buy anything before the banquet.""]",Easy,Litrature
Look at the colorful flowers.,انظر إلى الزهور الملونة.,"[ ""انظر إلى الأشجار الملونة."", ""انظر إلى السماء الملونة."", ""انظر إلى الطيور الملونة."" ]",Easy,Subtitle
النجوم مشرقة جدًا الليلة.,The stars are so bright tonight.,"['The stars are so dim tonight.', 'The stars are not visible tonight.', 'The sun is so bright tonight.']",Easy,Subtitle
العدد الكلي للحالات المؤكدة.,The total number of confirmed cases.,"['The total number of suspected cases.', 'The total number of deaths.', 'The total number of recovered cases.']",Easy,Health
تكلفة السلع والخدمات ترتفع بسبب التضخم.,The cost of goods and services is rising due to inflation.,"['The cost of goods and services is decreasing due to inflation.', 'The cost of goods and services is stable due to inflation.', 'The cost of goods and services is not related to inflation.']",Easy,EcoFinancial
لم يقرأ توم أي رسالة أرسلتها ماري إليه,Tom didn't read any of the messages Mary sent to him.,"['Tom read all of the messages Mary sent to him.', 'Tom read some of the messages Mary sent to him.', ""Mary didn't send any messages to Tom.""]",Easy,Litrature
The stock market has been stable for the past few weeks.,سوق الأسهم كان مستقرًا خلال الأسابيع القليلة الماضية.,"[ ""سوق الأسهم كان متقلبًا خلال الأسابيع القليلة الماضية."", ""سوق الأسهم كان مرتفعا خلال الأسابيع القليلة الماضية."", ""سوق الأسهم كان منخفضا خلال الأسابيع القليلة الماضية."" ]",Easy,EcoFinancial
النظام الغذائي المتوازن يساعدك على الحصول على جميع العناصر الغذائية التي تحتاجها.,A balanced diet helps you get all the nutrients you need.,"['A balanced diet helps you get some of the nutrients you need.', 'A balanced diet helps you get none of the nutrients you need.', 'A fast food diet helps you get all the nutrients you need.']",Easy,Health
إن خرق الواجب الائتماني من قبل المدعى عليه، الذي تصرف بسوء نية وفي صراع مباشر مع مصالح المدعي، يبرر طلب المدعي للحصول على تعويضات مالية وتعويضات إنصاف.,"The breach of fiduciary duty by the defendant, who acted in bad faith and in direct conflict with the interests of the plaintiff, justifies the plaintiff's request for both compensatory damages and equitable relief.","[""The breach of fiduciary duty by the plaintiff justifies the plaintiff's request for both compensatory damages and equitable relief."", ""The breach of contract by the defendant justifies the plaintiff's request for both compensatory damages and equitable relief."", ""The breach of trust by the defendant does not justify the plaintiff's request for both compensatory damages and equitable relief.""]",Hard,Legal
حكمت المحكمة بأن المدعي يستحق تعويضًا عن الأجور المفقودة، والنفقات الطبية، والضيق العاطفي الناجم عن إهمال المتهم.,"The court ruled that the plaintiff was entitled to compensation for lost wages, medical expenses, and emotional distress resulting from the defendant's negligence.","['The court ruled that the plaintiff was not entitled to compensation for lost wages, medical expenses, and emotional distress.', 'The court ruled that the plaintiff was entitled to compensation for lost wages and medical expenses but not for emotional distress.', 'The court ruled that the plaintiff was entitled to compensation for emotional distress but not for lost wages and medical expenses.']",Hard,Legal
يتم استكشاف تعقيدات الطبيعة البشرية في 'الجريمة والعقاب' لدوستويفسكي من خلال المعضلات الأخلاقية لبطل الرواية، راسكولنيكوف.,"The intricacies of human nature in Dostoevsky's 'Crime and Punishment' are explored through the moral dilemmas of its protagonist, Raskolnikov.","[ ""The simplicities of human nature in Dostoevsky's 'Crime and Punishment' are explored through the moral dilemmas of its antagonist, Raskolnikov."", ""The intricacies of animal nature in Dostoevsky's 'Crime and Punishment' are explored through the moral dilemmas of its protagonist, Raskolnikov."", ""The intricacies of human nature in Dostoevsky's 'Crime and Punishment' are explored through the psychological well-being of its protagonist, Raskolnikov."" ],",Hard,Litrature
تعكس تقنية تدفق الوعي في 'الصوت والغضب' لويليام فوكنر الطبيعة المجزأة للتجربة الإنسانية.,The stream-of-consciousness technique in William Faulkner's 'The Sound and the Fury' reflects the fragmented nature of human experience.,"[""The stream-of-consciousness technique in William Faulkner's 'The Sound and the Fury' reflects the unified nature of human experience."", ""The stream-of-consciousness technique in William Faulkner's 'The Sound and the Fury' reflects the historical nature of human experience."", ""The stream-of-consciousness technique in William Faulkner's 'The Sound and the Fury' does not reflect the nature of human experience.""]",Hard,Litrature
المتحورات المثيرة للقلق، بما في ذلك متحورات ألفا وبيتا وغاما ودلتا، أظهرت زيادة في القدرة على الانتقال، مما أثار القلق بشأن احتمال تسببها في موجات مستقبلية من الجائحة.,"Variants of concern, including the Alpha, Beta, Gamma, and Delta variants, have demonstrated enhanced transmissibility, raising alarm about their potential to drive future waves of the pandemic.","['Variants of concern have demonstrated a decrease in their transmissibility.', 'Variants of concern have not been linked to future waves of the pandemic.', 'Variants of concern has demonstrated decreased transmissibility, making future waves of the pandemic highly unlikely.']",Hard,Health
تم وضع مشروع خطة وتعميمها على الجهات المعنية، ومنها وزارة الأسرة والمرأة والطفل، وشبكة النساء المنتميات للأحزاب السياسية في كوت ديفوار، ومنظمات المجتمع المدني، وصندوق الأمم المتحدة للسكان.,"A draft plan was prepared and shared among the stakeholders, including the Ministry of Family, Women and Children, the Network of Women from Political Parties in Côte d &apos; Ivoire, civil society organizations and the United Nations Population Fund.","['A draft plan was prepared and not shared among the stakeholders.', 'A draft plan was not prepared and shared among the stakeholders.', 'A draft plan was prepared for international use only.']",Hard,Legal
تعتقد أنك تفهم، ولكنك لا تعرف حتى نصفه.,"You think you understand, but you don’t even know the half of it.","['You think you understand, and you know all of it.', 'You know everything about this issue.', 'You think you understand, but you know more than the other person.']",Hard,Subtitle
تشير الأبحاث الأولية إلى أن SARS-CoV-2 قد يكون له ميل أعلى للطفرات في البروتين الشوكي، مما قد يؤثر على فعالية اللقاحات الحالية.,"Preliminary research indicates that SARS-CoV-2 may have a higher propensity for mutations in the spike protein, potentially affecting the efficacy of existing vaccines.","['Preliminary research indicates that SARS-CoV-2 may have a lower propensity for mutations in the spike protein, potentially affecting the efficacy of existing vaccines.', 'Preliminary research indicates that SARS-CoV-2 may not have propensity for mutations in the spike protein, potentially affecting the efficacy of existing vaccines.', 'Preliminary research indicates that SARS-CoV-2 has a lower propensity for mutations in the spike protein, and will not affect the efficacy of the existing vaccines.']",Hard,Health
تشير النتائج الأخيرة إلى أن الحاملين بدون أعراض لـ SARS-CoV-2 يلعبون دورًا كبيرًا في انتقال الفيروس، مما يعقد الجهود للسيطرة على الجائحة.,"Recent findings suggest that asymptomatic carriers of SARS-CoV-2 play a significant role in the transmission of the virus, complicating efforts to contain the pandemic.","['Recent findings suggest that symptomatic carriers of SARS-CoV-2 play a significant role in the transmission of the virus, complicating efforts to contain the pandemic.', 'Recent findings suggest that carriers of SARS-CoV-2 have a small role in the transmission of the virus, simplifying efforts to contain the pandemic.', 'Recent findings suggest that asymptomatic carriers of SARS-CoV-2 play a small role in the transmission of the virus, simplifying efforts to contain the pandemic.']",Hard,Health
لقد زاد الضيق النفسي المرتبط بجائحة COVID-19 بشكل كبير من انتشار اضطرابات الصحة النفسية، خاصة القلق والاكتئاب، على مستوى العالم.,"Psychological distress related to the COVID-19 pandemic has significantly increased the prevalence of mental health disorders, particularly anxiety and depression, worldwide.","['Psychological distress related to the COVID-19 pandemic has significantly decreased the prevalence of mental health disorders.', 'Psychological distress related to the COVID-19 pandemic has not changed the prevalence of mental health disorders.', 'Psychological distress related to the COVID-19 pandemic has significantly increased the prevalence of physical health disorders.']",Hard,Health
تتحدى الأسئلة الوجودية المطروحة في 'في انتظار غودو' لصمويل بيكيت المفاهيم التقليدية للمعنى والهدف.,The existential questions posed in Samuel Beckett's 'Waiting for Godot' challenge traditional notions of meaning and purpose.,"[""The existential questions posed in Samuel Beckett's 'Waiting for Godot' support traditional notions of meaning and purpose."", ""The existential questions posed in Samuel Beckett's 'Waiting for Godot' have no connection to traditional notions of meaning and purpose."", ""The existential questions posed in Samuel Beckett's 'Waiting for Godot' are exploring modern notions of meaning and purpose.""]",Hard,Litrature
يتم تعليق فترة التقادم لتقديم الدعوى في هذه الولاية القضائية في الحالات التي لا يستطيع فيها المدعي اكتشاف الحقائق المتعلقة بالدعوى بسبب الاحتيال أو إخفاء الأدلة من قبل المدعى عليه.,The statute of limitations for filing a claim in this jurisdiction is tolled in cases where the plaintiff was unable to discover the facts underlying the claim due to fraud or concealment by the defendant.,"['The statute of limitations for filing a claim in this jurisdiction is not tolled in cases where the plaintiff was unable to discover the facts underlying the claim due to fraud.', 'The statute of limitations for filing a claim in this jurisdiction is not related to fraud or concealment.', 'The statute of limitations for filing a claim in this jurisdiction is tolled in all cases.']",Hard,Legal
The judiciary must remain independent to ensure impartial enforcement of the law.,يجب أن يظل القضاء مستقلًا لضمان تطبيق القانون بشكل عادل.,"['يجب أن يظل القضاء تابعًا لضمان تطبيق القانون بشكل عادل.', 'يجب أن يظل القضاء مستقلا لضمان تطبيق القانون بشكل غير عادل.', 'يجب أن يظل القضاء غير متحيز بغض النظر عن تطبيق القانون.']",Medium,Legal
تجاوزت إيرادات الشركة الفصلية توقعات السوق.,The company’s quarterly revenue has exceeded market expectations.,"['The company’s quarterly revenue has met market expectations.', 'The company’s quarterly revenue has fallen below market expectations.', 'The company has no quarterly revenue.']",Medium,EcoFinancial
لقد أثّر COVID-19 بشكل كبير على الأنظمة الصحية العالمية، مما يتطلب تعديلات عاجلة في تقديم الرعاية الصحية وحملات التطعيم.,"COVID-19 has significantly impacted global health systems, requiring urgent adaptations to healthcare delivery and vaccination campaigns.","['COVID-19 has significantly improved global health systems, requiring urgent adaptations to healthcare delivery and vaccination campaigns.', 'COVID-19 has had a minor impact on global health systems, not requiring any adaptations to healthcare delivery and vaccination campaigns.', 'COVID-19 has had no impact on global health systems, not requiring any adaptations to healthcare delivery and vaccination campaigns.']",Medium,Health
الحركة الوحيدة للهواء هي الصعود، لذا تبقى المناطق تحت هادئة وخالية من الرياح.,"The only movement of air is up, so the areas underneath remain calm and windless.","['The only movement of air is down, so the areas underneath remain calm and windless.', 'The movement of air is horizontal, so the areas underneath remain calm and windless.', 'The movement of air is random, so the areas underneath remain calm and windless.']",Medium,Subtitle
إنه لأمر مذهل أن تفكر أن تحتك كل أنواع الطقس التي يمكن تخيلها.,It's amazing to think that below me is every kind of weather imaginable.,"[""It's terrifying to think that below me is every kind of weather imaginable."", ""It's amazing to think that above me is every kind of weather imaginable."", ""It's amazing to think that around me is every kind of weather imaginable.""]",Medium,Subtitle
Many consider 'One Thousand and One Nights' a cornerstone of Arabic literature.,يعتبر الكثيرون 'ألف ليلة وليلة' حجر الزاوية في الأدب العربي.,"[ ""يعتبر الكثيرون 'ألف ليلة وليلة' هامشًا في الأدب العربي."", ""يعتبر الكثيرون 'ألف ليلة وليلة' حجر الزاوية في الأدب الغربي."", ""يعتبر الكثيرون 'ألف ليلة وليلة' جزءًا ثانويًا من الأدب العربي."" ]",Medium,Litrature
في الساعة القادمة، سأواجه كل شيء من نسيم إلى غضب إعصار.,"In the next hour, I'm going to experience everything from a breeze to the fury of a tornado.","[""In the next hour, I'm going to experience nothing but a gentle breeze."", ""In the next hour, I'm going to experience nothing but a fury of a tornado."", ""In the next hour, I'm going to experience a calm weather.""]",Medium,Subtitle
Many novels use allegory to critique societal norms and advocate for change.,تستخدم العديد من الروايات الرمزية لانتقاد الأعراف المجتمعية والدعوة للتغيير.,"[ ""تستخدم العديد من الروايات الرمزية لدعم الأعراف المجتمعية ومقاومة التغيير."", ""تستخدم العديد من الروايات اللغة المباشرة لانتقاد الأعراف المجتمعية والدعوة للتغيير."", ""تستخدم العديد من الروايات الرمزية لتقديم الأعراف المجتمعية بشكل إيجابي."" ]",Medium,Litrature
قضت المحكمة بعدم قبول الأدلة بسبب التعامل غير السليم معها.,The court ruled that the evidence was inadmissible due to improper handling.,"['The court ruled that the evidence was admissible despite the improper handling.', 'The court ruled that the evidence was admissible because of the improper handling.', 'The court did not rule on the admissibility of the evidence.']",Medium,Legal
ساهمت ترجمات شكسبير إلى العربية في الحوار الأدبي بين الثقافات.,Translations of Shakespeare into Arabic have contributed to cross-cultural literary dialogue.,"['Translations of Shakespeare into Arabic have decreased cross-cultural literary dialogue.', 'Translations of Shakespeare into Arabic have had no effect on cross-cultural literary dialogue.', 'Translations of Shakespeare into English have contributed to cross-cultural literary dialogue.']",Medium,Litrature
تستكشف العديد من الروايات العربية موضوعات الهوية والمنفى والوطن.,"Many Arabic novels explore themes of identity, exile, and homeland.","['Many Arabic novels explore themes of love and peace.', 'Many Arabic novels explore themes of identity and patriotism.', 'Many Arabic novels explore themes of war and violence.']",Medium,Litrature
تم منح المتهم حصانة مقابل شهادته.,The defendant was granted immunity in exchange for testifying.,"['The defendant was not granted immunity in exchange for testifying.', 'The defendant was given a sentence in exchange for testifying.', 'The defendant was granted money in exchange for testifying.']",Medium,Legal
تحسنت ميزان التجارة في البلاد مع زيادة حجم الصادرات.,The country’s trade balance has improved with a higher volume of exports.,"['The country’s trade balance has deteriorated with a higher volume of exports.', 'The country’s trade balance has improved with a lower volume of exports.', 'The country’s trade balance has remained the same with a higher volume of exports.']",Medium,EcoFinancial
ألغت محكمة الاستئناف قرار المحكمة الأدنى.,The appellate court overturned the lower court's decision.,"[""The appellate court upheld the lower court's decision."", 'The appellate court supported the lower court’s decision.', 'The appellate court had no authority on the lower court’s decision.']",Medium,Legal
منحت المحكمة للمتهم كفالة حتى موعد المحاكمة.,The court granted the defendant bail pending trial.,"['The court did not grant the defendant bail pending trial.', 'The court denied the defendant bail pending trial.', 'The court sentenced the defendant instead of giving bail.']",Medium,Legal
المستثمرون حذرون بشأن التأثير المحتمل لعدم الاستقرار السياسي على سوق الأسهم.,Investors are cautious about the potential impact of political instability on the stock market.,"['Investors are confident about the potential impact of political instability on the stock market.', 'Investors are not affected by the potential impact of political instability on the stock market.', 'Investors are optimistic about the impact of political instability on the stock market.']",Medium,EcoFinancial
يمكن أن تساهم تلوث الهواء والسموم البيئية في مشاكل التنفس وزيادة خطر الإصابة بالربو وأمراض مزمنة أخرى.,Air pollution and environmental toxins can contribute to respiratory problems and increase the risk of developing asthma and other chronic diseases.,"['Air pollution and environmental toxins have no impact on respiratory problems and have no connection to developing asthma and other chronic diseases.', 'Air pollution and environmental toxins can improve respiratory problems and have no connection to developing asthma and other chronic diseases.', 'Air pollution and environmental toxins can help in preventing respiratory problems and decrease the risk of developing asthma and other chronic diseases.']",Medium,Health
رفع الاحتياطي الفيدرالي أسعار الفائدة لمكافحة التضخم.,The Federal Reserve has raised interest rates to combat inflation.,"['The Federal Reserve has lowered interest rates to combat inflation.', 'The Federal Reserve has kept interest rates stable to combat inflation.', 'The Federal Reserve has no power on the interest rates.']",Medium,EcoFinancial
تواجه البلاد تحديات بسبب مستوى الدين العام المرتفع.,The country is facing challenges due to a high level of public debt.,"['The country is thriving despite a high level of public debt.', 'The country is facing no challenges despite a high level of public debt.', 'The country is facing no challenges due to a low level of public debt.']",Medium,EcoFinancial
يوفر الأدب نظرة ثاقبة على الحالة الإنسانية عبر الثقافات والأزمنة المختلفة.,Literature provides insight into the human condition across different cultures and times.,"['Literature provides insight into the human condition only in modern culture.', 'Literature provides insight into animal’s condition across different cultures and times.', 'Literature has no insight into the human condition.']",Medium,Litrature
تقارير أرباح الشركات تؤثر على أسعار الأسهم.,Corporate earnings reports affect stock prices.,"['Corporate earnings reports do not affect stock prices.', 'Corporate earnings reports affect bonds’ prices.', 'Corporate earnings reports affect the real estate prices.']",Medium,EcoFinancial
النمو الاقتصادي يؤدي إلى زيادة الإنفاق الاستهلاكي.,Economic growth leads to increased consumer spending.,"['Economic growth leads to decreased consumer spending.', 'Economic growth has no effect on consumer spending.', 'Economic growth leads to increased government spending.']",Medium,EcoFinancial
يتم استخدام الغذاء الوظيفي غير المكشوف عنه بالفعل لأمراض أخرى وليس دواء يتطلب التسجيل لدى إدارة الغذاء والدواء (FDA).,The undisclosed functional food is already used for other diseases and is not a drug that requires registration with the FDA.,"['The undisclosed functional food is already used for other diseases and is a drug that requires registration with the FDA.', 'The undisclosed functional food is not used for other diseases but is a drug that requires registration with the FDA.', 'The undisclosed functional food has no medical effect and is a drug that requires registration with the FDA.']",Medium,Health
تمت حماية حقوق المتهم الدستورية خلال المحاكمة.,The defendant's constitutional rights were upheld during the trial.,"[""The defendant's constitutional rights were not upheld during the trial."", ""The defendant's human rights were not upheld during the trial."", ""The defendant's social rights were upheld during the trial.""]",Medium,Legal
يمكن أن يكون الأدب بمثابة مرآة تعكس قيم وتحديات المجتمع.,Literature can serve as a mirror reflecting society's values and challenges.,"[""Literature can serve as a wall reflecting society's values and challenges."", ""Literature can serve as a window reflecting society's values and challenges."", 'Literature can serve as a mirror reflecting nature’s values and challenges.']",Medium,Litrature
تعكس أشعار محمود درويش نضالات وآمال الشعب الفلسطيني.,The poetry of Mahmoud Darwish reflects the struggles and hopes of the Palestinian people.,"['The poetry of Mahmoud Darwish reflects the struggles and hopelessness of the Palestinian people.', 'The poetry of Mahmoud Darwish reflects the successes of the Palestinian people.', 'The poetry of Mahmoud Darwish reflects the beauty of the Palestinian people.']",Medium,Litrature
الفحوصات المنتظمة لبعض أنواع السرطان يمكن أن تؤدي إلى اكتشاف مبكر وزيادة معدلات البقاء على قيد الحياة.,Regular screening for certain cancers can lead to early detection and higher survival rates.,"['Regular screening for certain cancers can lead to late detection and lower survival rates.', 'Regular screening for certain cancers can lead to no detection and same survival rates.', 'Regular screening for all cancers can lead to early detection and higher survival rates.']",Medium,Health
غالبًا ما تلتقط الشعر جوهر المشاعر الإنسانية في بضعة أسطر.,Poetry often captures the essence of human emotions in a few lines.,"['Poetry often captures the details of human emotions in many lines.', 'Poetry often captures the essence of nature in a few lines.', 'Poetry does not capture the essence of human emotions.']",Medium,Litrature
كانت فن السرد جزءًا حيويًا من الثقافة العربية لقرون.,The art of storytelling has been a vital part of Arab culture for centuries.,"['The art of cooking has been a vital part of Arab culture for centuries.', 'The art of painting has been a vital part of Arab culture for centuries.', 'The art of storytelling has not been a vital part of Arab culture.']",Medium,Litrature
يشمل الأدب العربي مجموعة واسعة من الأنواع، بما في ذلك الشعر والنثر والدراما.,"Arabic literature encompasses a wide range of genres, including poetry, prose, and drama.","['Arabic literature encompasses a narrow range of genres, including poetry, prose, and drama.', 'Arabic literature does not encompass any range of genres.', 'Arabic literature includes poetry, short stories, and novels.']",Medium,Litrature
قام محامي الدفاع بالاستجواب المضاد للشاهد الرئيسي للادعاء.,The defense attorney cross-examined the prosecution's key witness.,"[""The defense attorney questioned the prosecution's key witness."", ""The defense attorney directly supported the prosecution's key witness."", ""The prosecution cross-examined the defense's key witness.""]",Medium,Legal
قدم المدعي العام أدلة قوية لدعم لائحة الاتهام.,The prosecutor presented compelling evidence to support the indictment.,"['The prosecutor presented weak evidence to support the indictment.', 'The prosecutor presented compelling evidence to not support the indictment.', 'The defense attorney presented compelling evidence to support the indictment.']",Medium,Legal
تم تبرئة المتهم بسبب نقص الأدلة.,The defendant was acquitted due to insufficient evidence.,"['The defendant was convicted due to insufficient evidence.', 'The defendant was acquitted despite of the strong evidence.', ""The defendant was acquitted because the plaintiff didn't show up.""]",Medium,Legal
قدم المدعي طلبًا لرفض القضية على أساس الإجراءات.,The plaintiff filed a motion to dismiss the case on procedural grounds.,"['The defendant filed a motion to dismiss the case on procedural grounds.', 'The plaintiff filed a motion to dismiss the case on evidence grounds.', 'The plaintiff filed a motion to accept the case on procedural grounds.']",Medium,Legal
يجب على الأشخاص الذين يعانون من الحالات المزمنة العمل عن كثب مع فريق الرعاية الصحية الخاص بهم لتطوير خطة إدارة تناسب احتياجاتهم الخاصة.,People who suffer from chronic conditions should work closely with their healthcare team to develop a management plan that suits their specific needs.,"['People who suffer from chronic conditions should not work closely with their healthcare team.', 'People who suffer from chronic conditions should develop a management plan that suits everyone’s needs.', 'People who suffer from chronic conditions should work alone to develop a management plan that suits their specific needs.']",Medium,Health
تطوير روتين نوم منتظم وتجنب الكافيين قبل وقت النوم يمكن أن يحسن من جودة نومك ويعزز صحتك العامة.,Developing a regular sleep routine and avoiding caffeine before bedtime can improve the quality of your sleep and enhance overall health.,"['Developing a random sleep routine and avoiding caffeine before bedtime can improve the quality of your sleep and enhance overall health.', 'Developing a regular sleep routine and drinking caffeine before bedtime can improve the quality of your sleep and enhance overall health.', 'Developing a regular sleep routine and avoiding caffeine before bedtime can affect the quality of your sleep and not enhance overall health.']",Medium,Health
تحتي خط الاستواء وبداية رحلتي مع الريح.,Below me is the equator and the start of my journey with wind.,"['Above me is the equator and the start of my journey with wind.', 'Around me is the equator and the end of my journey with wind.', 'Below me is the equator and the end of my journey with wind.']",Medium,Subtitle
الإفراط في تناول الأطعمة المعالجة والمليئة بالسكر يمكن أن يؤدي إلى السمنة، مقاومة الأنسولين، واضطرابات أيضية أخرى.,"Overconsumption of processed and sugary foods can lead to obesity, insulin resistance, and other metabolic disorders.","['Overconsumption of healthy food can lead to obesity, insulin resistance, and other metabolic disorders.', 'Overconsumption of processed and sugary foods can help to avoid obesity, insulin resistance, and other metabolic disorders.', 'Overconsumption of processed and sugary foods has no relation to any health issues.']",Medium,Health
أعلى بكثير، تدخل طبقة الستراتوسفير، وهي منطقة خالية تقريبًا من الطقس.,"Way above, you enter the stratosphere, an almost completely weather-free zone.","['Way above, you enter the troposphere, a completely weather-free zone.', 'Way below, you enter the stratosphere, a completely weather-free zone.', 'Way above, you enter the stratosphere, a place full of weather activity.']",Medium,Subtitle
قدّم محامي الدفاع طلبًا لتغيير مكان المحاكمة.,The defense attorney filed a motion for a change of venue.,"['The defense attorney filed a motion to keep the venue of the trial.', 'The prosecution attorney filed a motion for a change of venue.', 'The judge issued a change of the venue.']",Medium,Legal