English,Arabic,Eng_Difficulty_Label,Topic_Label
"Maintaining a balanced diet, exercising regularly, and getting enough sleep are essential steps to improving overall health and well-being. These habits not only strengthen the immune system but also enhance mental clarity and energy levels, making everyday activities more manageable.",إن الحفاظ على نظام غذائي متوازن، وممارسة التمارين الرياضية بانتظام، والحصول على قسط كافٍ من النوم هي خطوات أساسية لتحسين الصحة العامة والرفاهية. هذه العادات لا تقوي جهاز المناعة فحسب، بل تعزز أيضًا الوضوح العقلي ومستوى الطاقة، مما يجعل الأنشطة اليومية أكثر سهولة.,Easy,Health
"Drinking plenty of water throughout the day helps to keep the body hydrated and supports essential functions like digestion and circulation. Experts recommend consuming at least eight glasses daily, especially in warm climates or during physical activities.",يساعد شرب كميات وفيرة من الماء طوال اليوم في الحفاظ على ترطيب الجسم ودعم الوظائف الأساسية مثل الهضم والدورة الدموية. يوصي الخبراء باستهلاك ما لا يقل عن ثمانية أكواب يوميًا، خاصة في المناخات الحارة أو أثناء النشاط البدني.,Easy,Health
"Regular health check-ups allow doctors to identify potential issues early and provide effective treatment before problems worsen. Preventive care, such as vaccinations and screenings, plays a critical role in staying ahead of chronic diseases.",تتيح الفحوصات الصحية المنتظمة للأطباء تحديد المشكلات المحتملة مبكرًا وتقديم علاج فعال قبل أن تتفاقم. تلعب الرعاية الوقائية، مثل التطعيمات والفحوصات الطبية، دورًا حاسمًا في الوقاية من الأمراض المزمنة.,Easy,Health
"Washing your hands frequently, especially before meals, can prevent the spread of germs and keep you healthy. This simple habit reduces the risk of infections, such as colds and flu, and protects others in your community.",غسل يديك بشكل متكرر، خاصة قبل تناول الطعام، يمكن أن يمنع انتشار الجراثيم ويحافظ على صحتك. يقلل هذا العادة البسيطة من خطر العدوى، مثل نزلات البرد والإنفلونزا، وتحمي الآخرين في مجتمعك.,Easy,Health
Signing a contract without carefully reading its terms can lead to misunderstandings and potential legal disputes in the future. It's important to seek professional advice or clarification to ensure all parties are fully aware of their obligations.,يمكن أن يؤدي توقيع عقد دون قراءة شروطه بعناية إلى سوء فهم ونزاعات قانونية محتملة في المستقبل. من المهم طلب نصيحة مهنية أو توضيح لضمان أن جميع الأطراف على دراية كاملة بالتزاماتها.,Easy,Legal
"In many countries, citizens have the right to legal representation when they are accused of committing a crime. This principle is fundamental to justice systems, ensuring that every individual receives a fair trial regardless of their background or circumstances.",في العديد من البلدان، يحق للمواطنين الحصول على تمثيل قانوني عندما يتم اتهامهم بارتكاب جريمة. هذا المبدأ أساسي لأنظمة العدالة، حيث يضمن حصول كل فرد على محاكمة عادلة بغض النظر عن خلفيته أو ظروفه.,Easy,Legal
A power of attorney grants one person the legal authority to act on behalf of another in specific matters. This document is particularly useful for managing financial or medical decisions when someone becomes incapacitated.,تمنح وثيقة التفويض لشخص ما السلطة القانونية للتصرف نيابة عن شخص آخر في مسائل محددة. تكون هذه الوثيقة مفيدة بشكل خاص في إدارة القرارات المالية أو الطبية عندما يصبح شخص ما عاجزًا.,Easy,Legal
"Understanding your rights and responsibilities under the law is crucial to avoiding unnecessary conflicts or penalties. By staying informed, individuals can better navigate legal situations and protect their interests effectively.",فهم حقوقك ومسؤولياتك بموجب القانون أمر ضروري لتجنب النزاعات أو العقوبات غير الضرورية. من خلال البقاء على اطلاع، يمكن للأفراد التعامل مع المواقف القانونية بشكل أفضل وحماية مصالحهم بفعالية.,Easy,Legal
"In Shakespeare’s Romeo and Juliet, the story revolves around two lovers whose families are caught in a bitter feud. Despite their deep love, the tension between the Montagues and Capulets leads to tragedy, highlighting themes of fate and sacrifice.",في مسرحية شكسبير روميو وجولييت، تدور القصة حول عاشقين تنتمي عائلتاهما إلى عداوة مريرة. على الرغم من حبهما العميق، فإن التوتر بين عائلتي مونتاغيو وكابوليت يؤدي إلى مأساة، مما يبرز موضوعات القدر والتضحية.,Easy,Litrature
"Classic novels often explore universal themes like love, sacrifice, and the human struggle to overcome adversity. These timeless works remain relevant across generations, offering readers profound insights into the human condition.",تستكشف الروايات الكلاسيكية غالبًا موضوعات عالمية مثل الحب، والتضحية، والنضال الإنساني للتغلب على الشدائد. تظل هذه الأعمال الخالدة ذات صلة عبر الأجيال، حيث تقدم للقراء رؤى عميقة عن الحالة الإنسانية.,Easy,Litrature
"Poetry uses rhythm, imagery, and figurative language to evoke emotions and create vivid pictures in the reader's mind. A well-crafted poem can transport readers to another world, capturing the beauty or complexity of everyday life.",تستخدم الشعر الإيقاع والصور واللغة المجازية لإثارة المشاعر وخلق صور حية في ذهن القارئ. يمكن للقصيدة المصممة جيدًا أن تنقل القراء إلى عالم آخر، مما يعكس جمال أو تعقيد الحياة اليومية.,Easy,Litrature
"Storytelling has been a powerful way to share knowledge and cultural values across generations and civilizations. From oral traditions to modern novels, narratives serve as a bridge between past experiences and future lessons.",كان السرد وسيلة قوية لنقل المعرفة والقيم الثقافية عبر الأجيال والحضارات. من التقاليد الشفهية إلى الروايات الحديثة، تخدم القصص كجسر بين تجارب الماضي ودروس المستقبل.,Easy,Litrature
"I can’t believe you thought that plan would actually work—what were you even thinking? Honestly, did you not see the risks or consider what could go wrong? Next time, maybe take a moment to think things through.",لا أصدق أنك ظننت أن هذا الخطة ستنجح فعلاً—ما الذي كنت تفكر فيه؟ بصراحة، ألم ترى المخاطر أو تفكر في ما يمكن أن يحدث خطأ؟ في المرة القادمة، ربما تأخذ لحظة للتفكير جيدًا.,Easy,Subtitle
"This is the last time I’m going to warn you. Next time, I won’t be so forgiving. You’ve crossed the line too many times already, and I’m not going to stand by and let it happen again.",هذه هي المرة الأخيرة التي سأحذرك فيها. في المرة القادمة، لن أكون متسامحًا هكذا. لقد تجاوزت الحدود مرات كثيرة، ولن أسمح بحدوث ذلك مرة أخرى.,Easy,Subtitle
"You think it’s over, don’t you? Well, let me tell you something—it’s just the beginning. Everything you’ve done so far has only set the stage for what’s about to happen next, so be prepared.",تعتقد أن الأمر انتهى، أليس كذلك؟ حسنًا، دعني أخبرك بشيء—إنها مجرد البداية. كل ما قمت به حتى الآن قد وضع الأساس لما سيحدث بعد ذلك، لذا كن مستعدًا.,Easy,Subtitle
"Sometimes, the people you trust the most are the ones who betray you the hardest. It’s a painful lesson, but one that makes you stronger and more cautious as you move forward in life.",أحيانًا، الأشخاص الذين تثق بهم أكثر هم الذين يخونونك بشكل أكبر. إنها درس مؤلم، لكنه يجعلك أقوى وأكثر حذرًا أثناء المضي قدمًا في الحياة.,Easy,Subtitle
"Diversifying your investments across different sectors can help reduce the overall risk and protect your financial future. By spreading assets across industries like technology, healthcare, and real estate, you minimize the impact of market volatility.",يمكن أن يساعد تنويع استثماراتك عبر قطاعات مختلفة في تقليل المخاطر الإجمالية وحماية مستقبلك المالي. من خلال توزيع الأصول عبر صناعات مثل التكنولوجيا والرعاية الصحية والعقارات، تقلل من تأثير تقلبات السوق.,Easy,EcoFinancial
"A well-prepared financial plan considers long-term goals, current expenses, and potential unexpected costs. It ensures that you’re not only prepared for emergencies but also on track to achieve milestones like buying a home or retiring comfortably.",تأخذ خطة مالية محكمة في الاعتبار الأهداف طويلة الأجل، والنفقات الحالية، والتكاليف غير المتوقعة المحتملة. تضمن أنك لست مستعدًا فقط للطوارئ، ولكن أيضًا على الطريق لتحقيق معالم مثل شراء منزل أو التقاعد براحة.,Easy,EcoFinancial
"Inflation impacts purchasing power, making it essential to adjust budgets and plan for rising costs over time. Savvy consumers often focus on saving, investing, and cutting unnecessary expenses to maintain financial stability.",يؤثر التضخم على القدرة الشرائية، مما يجعل من الضروري تعديل الميزانيات والتخطيط لزيادة التكاليف مع مرور الوقت. يركز المستهلكون الذكيون غالبًا على التوفير والاستثمار وخفض النفقات غير الضرورية للحفاظ على الاستقرار المالي.,Easy,EcoFinancial
"Understanding the basics of supply and demand helps explain how market prices are determined and influenced. For instance, when demand for a product exceeds its supply, prices tend to rise, encouraging more production or imports.",يساعد فهم أساسيات العرض والطلب في شرح كيفية تحديد الأسعار في السوق وتأثرها. على سبيل المثال، عندما يتجاوز الطلب على منتج ما العرض، تميل الأسعار إلى الارتفاع، مما يشجع على زيادة الإنتاج أو الواردات.,Easy,EcoFinancial
"Engaging in consistent physical activity is crucial for maintaining cardiovascular health, enhancing muscle strength, and improving mental well-being. Regular exercise can reduce the risk of chronic diseases such as heart disease, diabetes, and obesity. Incorporating activities like walking, cycling, or swimming into your daily routine can lead to significant health benefits over time.",ممارسة النشاط البدني بانتظام أمر ضروري للحفاظ على صحة القلب والأوعية الدموية، وتعزيز قوة العضلات، وتحسين الصحة النفسية. يمكن أن يقلل التمرين المنتظم من خطر الأمراض المزمنة مثل أمراض القلب والسكري والسمنة. يمكن أن يؤدي دمج أنشطة مثل المشي أو ركوب الدراجات أو السباحة في روتينك اليومي إلى فوائد صحية كبيرة بمرور الوقت.,Medium,Health
"A well-balanced diet rich in fruits, vegetables, whole grains, and lean proteins provides essential nutrients that support bodily functions. Adequate nutrition boosts the immune system, aids in weight management, and promotes overall vitality. Limiting the intake of processed foods and sugars is also important for preventing health issues.",يوفر النظام الغذائي المتوازن الغني بالفواكه والخضروات والحبوب الكاملة والبروتينات الخالية من الدهون العناصر الغذائية الأساسية التي تدعم وظائف الجسم. التغذية الكافية تعزز جهاز المناعة، وتساعد في إدارة الوزن، وتعزز الحيوية العامة. كما أن الحد من تناول الأطعمة المصنعة والسكريات مهم لمنع المشاكل الصحية.,Medium,Health
"Recognizing and addressing mental health is as important as physical health. Stress, anxiety, and depression can significantly impact daily life and overall well-being. Seeking professional help, practicing mindfulness, and maintaining social connections are effective strategies for managing mental health challenges.",التعرف على الصحة النفسية ومعالجتها لا يقل أهمية عن الصحة البدنية. يمكن أن تؤثر الضغوط النفسية والقلق والاكتئاب بشكل كبير على الحياة اليومية والصحة العامة. يمكن أن يكون البحث عن المساعدة المهنية، وممارسة التأمل الذهني، والحفاظ على الروابط الاجتماعية استراتيجيات فعالة للتعامل مع تحديات الصحة النفسية.,Medium,Health
"Quality sleep is vital for cognitive function, emotional stability, and physical health. Lack of sleep can lead to impaired judgment, weakened immunity, and increased risk of chronic conditions. Establishing a regular sleep schedule and creating a restful environment can enhance sleep quality.",النوم الجيد ضروري لوظائف الدماغ، والاستقرار العاطفي، والصحة البدنية. يمكن أن يؤدي نقص النوم إلى ضعف القدرة على اتخاذ القرارات، وضعف المناعة، وزيادة خطر الإصابة بالأمراض المزمنة. يمكن أن يؤدي تنظيم جدول نوم منتظم وخلق بيئة مريحة للنوم إلى تحسين جودة النوم.,Medium,Health
"Contracts are legally binding agreements that outline the rights and obligations of the parties involved. Understanding the elements of a contract—offer, acceptance, consideration, and mutual consent—is essential for both personal and professional dealings. Breach of contract can lead to legal disputes and potential damages.",العقود هي اتفاقيات ملزمة قانونيًا تحدد حقوق والتزامات الأطراف المعنية. فهم عناصر العقد - العرض، القبول، المقابل، والرضا المتبادل - أمر أساسي للتعاملات الشخصية والمهنية. يمكن أن يؤدي الإخلال بالعقد إلى نزاعات قانونية وخسائر محتملة.,Medium,Legal
"Intellectual property law protects creations of the mind, including inventions, literary works, and trademarks. These rights enable creators to control the use of their works and benefit economically. Infringement of intellectual property can result in legal action and financial penalties.",قانون الملكية الفكرية يحمي الإبداعات الفكرية مثل الاختراعات والأعمال الأدبية والعلامات التجارية. تمنح هذه الحقوق المبدعين السيطرة على استخدام أعمالهم والاستفادة منها اقتصاديًا. يمكن أن يؤدي انتهاك الملكية الفكرية إلى اتخاذ إجراءات قانونية وعقوبات مالية.,Medium,Legal
"Employment law governs the relationship between employers and employees, covering aspects such as wages, workplace safety, and discrimination. Understanding these laws ensures fair treatment in the workplace and compliance with regulations. Violations can lead to legal consequences and reputational damage.",ينظم قانون العمل العلاقة بين أصحاب العمل والموظفين، ويغطي جوانب مثل الأجور، وسلامة مكان العمل، والتمييز. فهم هذه القوانين يضمن المعاملة العادلة في مكان العمل والامتثال للوائح. يمكن أن تؤدي الانتهاكات إلى عواقب قانونية وضرر بالسمعة.,Medium,Legal
"Family law addresses legal issues related to familial relationships, including marriage, divorce, child custody, and adoption. It aims to resolve disputes and protect the rights of family members. Legal proceedings in family law can be complex and emotionally charged, often requiring professional guidance.",يعالج قانون الأسرة القضايا القانونية المتعلقة بالعلاقات الأسرية، بما في ذلك الزواج، والطلاق، وحضانة الأطفال، والتبني. يهدف إلى حل النزاعات وحماية حقوق أفراد الأسرة. يمكن أن تكون الإجراءات القانونية في قانون الأسرة معقدة ومشحونة عاطفيًا، مما يتطلب غالبًا التوجيه المهني.,Medium,Legal
"Symbolism involves using symbols to represent ideas or qualities, adding deeper meaning to literary works. Authors employ symbolism to convey complex themes and evoke emotional responses. Analyzing symbols enhances the reader's understanding and appreciation of the text.",الرمزية تتضمن استخدام الرموز لتمثيل الأفكار أو الصفات، مما يضيف معاني أعمق للأعمال الأدبية. يستخدم المؤلفون الرمزية لنقل موضوعات معقدة وإثارة استجابات عاطفية. يساعد تحليل الرموز في تعزيز فهم القارئ وتقديره للنص.,Medium,Litrature
"Narrative techniques have evolved over time, from linear storytelling to fragmented and non-linear structures. Modern literature often experiments with perspectives and timelines, challenging readers to engage actively with the text. These innovations reflect changes in cultural and artistic sensibilities.",تطورت تقنيات السرد بمرور الوقت، من السرد الخطي إلى الهياكل المجزأة وغير الخطية. الأدب الحديث غالبًا ما يجرب وجهات النظر والجداول الزمنية، مما يتحدى القراء للتفاعل بفاعلية مع النص. تعكس هذه الابتكارات التغيرات في الحساسيات الثقافية والفنية.,Medium,Litrature
"Well-developed characters are central to compelling storytelling. Authors create complex characters through detailed descriptions, inner thoughts, and interactions with others. Character development drives the plot and allows readers to form emotional connections with the narrative.",الشخصيات المتطورة جيدًا هي محور السرد الجذاب. يخلق المؤلفون شخصيات معقدة من خلال أوصاف مفصلة، وأفكار داخلية، وتفاعلات مع الآخرين. تقود تطورات الشخصيات الحبكة وتسمح للقراء بتشكيل روابط عاطفية مع القصة.,Medium,Litrature
"Setting provides the time and place in which a story unfolds, influencing the plot and mood. A richly described setting immerses readers and adds authenticity to the narrative. It can also serve as a reflection of characters' inner states or thematic elements.",الإعداد يقدم الوقت والمكان الذي تتكشف فيه القصة، مما يؤثر على الحبكة والمزاج. الإعداد الموصوف بشكل غني يغمر القراء ويضيف المصداقية للسرد. يمكن أن يعكس أيضًا الحالات الداخلية للشخصيات أو العناصر الموضوعية.,Medium,Litrature
"After years of working in the same office, I finally realized that maybe it's time to start thinking about what truly matters in life and stop letting all these little things distract me from the bigger picture.",بعد سنوات من العمل في نفس المكتب، أدركت أخيرًا أنه ربما حان الوقت لبدء التفكير فيما يهم حقًا في الحياة والتوقف عن السماح لهذه الأشياء الصغيرة بتشتيتي عن الصورة الأكبر.,Medium,Subtitle
"She always told me to follow my heart, but it’s so much harder than it seems, especially when there’s so much at stake and you feel like you’re just not ready to take that leap.",كانت دائمًا تقول لي أن أتبع قلبي، لكن الأمر أصعب بكثير مما يبدو، خاصة عندما يكون هناك الكثير على المحك وتشعر أنك ببساطة لست جاهزًا لاتخاذ تلك الخطوة.,Medium,Subtitle
"I spent so many nights lying awake, questioning my decisions, wondering if I could have done things differently, but now I’m starting to think maybe this is where I was always meant to be.",قضيت العديد من الليالي مستلقيًا مستيقظًا، أتساءل عن قراراتي، وأتساءل إذا كان بإمكاني فعل الأشياء بشكل مختلف، لكنني الآن أبدأ في التفكير أن ربما هذا هو المكان الذي كان يجب أن أكون فيه دائمًا.,Medium,Subtitle
"He stood there, looking out at the vast, endless ocean, wondering if he would ever find the answers to the questions that had haunted him for years, knowing deep down that some things might never be understood.",وقف هناك، ينظر إلى المحيط الواسع واللامتناهي، يتساءل إذا كان سيجد يومًا ما إجابات للأسئلة التي كانت تطارده لسنوات، وهو يعلم في أعماقه أن بعض الأشياء قد لا تُفهم أبدًا.,Medium,Subtitle
"Inflation erodes the purchasing power of currency, leading to higher prices for goods and services over time. Consumers may find that their income buys less than it did previously, affecting budgeting and savings. Understanding inflation is crucial for making informed financial decisions.",التضخم يقلل من القوة الشرائية للعملة، مما يؤدي إلى ارتفاع أسعار السلع والخدمات مع مرور الوقت. قد يجد المستهلكون أن دخلهم يشتري أقل مما كان عليه في السابق، مما يؤثر على التخطيط للميزانية والمدخرات. فهم التضخم أمر ضروري لاتخاذ قرارات مالية مستنيرة.,Medium,EcoFinancial
"Diversifying investments across various asset classes—such as stocks, bonds, and real estate—can mitigate risk and enhance returns. A well-diversified portfolio reduces exposure to any single asset's volatility, promoting long-term financial stability.",تنويع الاستثمارات عبر فئات أصول مختلفة - مثل الأسهم والسندات والعقارات - يمكن أن يقلل من المخاطر ويعزز العوائد. تقلل المحفظة المتنوعة جيدًا من التعرض لتقلبات أي أصل واحد، مما يعزز الاستقرار المالي على المدى الطويل.,Medium,EcoFinancial
"Central banks, like the Federal Reserve, implement monetary policies to control inflation, manage employment levels, and stabilize the financial system. Their actions, including setting interest rates and regulating money supply, significantly influence economic conditions.",البنوك المركزية، مثل الاحتياطي الفيدرالي، تنفذ سياسات نقدية للسيطرة على التضخم، وإدارة مستويات التوظيف، واستقرار النظام المالي. تؤثر تصرفاتهم، بما في ذلك تحديد أسعار الفائدة وتنظيم المعروض النقدي، بشكل كبير على الظروف الاقتصادية.,Medium,EcoFinancial
"Recognizing these cycles helps businesses and investors make strategic decisions, such as when to expand operations or invest in new opportunities. Phases like growth, peak, recession, and recovery each present unique challenges and prospects for the economy.",يساعد التعرف على هذه الدورات الشركات والمستثمرين على اتخاذ قرارات استراتيجية، مثل وقت توسيع العمليات أو الاستثمار في فرص جديدة. تقدم مراحل مثل النمو، الذروة، الركود، والانتعاش تحديات وآفاق فريدة للاقتصاد.,Medium,EcoFinancial
"The World Health Organization has defined pharmacogenomics as the study of DNA sequence variation as it relates to different drug responses in individuals, i.e., the use of genomics to determine an individual's response.",عرّفت منظمة الصحة العالمية علم الصيدلة الجيني بأنه دراسة تغير تسلسل الحمض النووي وذلك لعلاقته باستجابة الدواء التفاضلية في الأفراد أي استخدام الجينوميات لتحديد ردة فعل الفرد.,Hard,Health
"Material conditions of life lead to differing likelihood of physical (infections, malnutrition, chronic disease, and injuries), developmental (delayed or impaired cognitive, personality, and social development), educational (learning disabilities, poor learning, early school leaving), and social (socialization, preparation for work, and family life) problems.",تؤدي الظروف المادية للحياة إلى اختلاف احتمالات الإصابة بأمراض بدنية (مثل العدوى، وسوء التغذية، والأمراض المزمنة، والإصابات)، وتنموية (مثل تأخر أو ضعف في النمو المعرفي والشخصي والاجتماعي)، وتعليمية (مثل صعوبات التعلم، وضعف التعلم، وترك المدرسة مبكرًا)، وأيضاً مشكلات اجتماعية (التنشئة الاجتماعية، والتحضير للعمل، والحياة الأسرية).,Hard,Health
"In the intricate interplay between genetic predispositions and environmental factors, individuals with a family history of cardiovascular diseases are often predisposed to hypertension, necessitating a multifaceted approach to prevention that includes regular monitoring of blood pressure, adherence to a balanced diet rich in fruits and vegetables, consistent physical activity, and, when appropriate, pharmacological interventions to mitigate the risk of developing more severe cardiovascular conditions.",في التفاعل المعقد بين الاستعدادات الجينية والعوامل البيئية، يميل الأفراد الذين لديهم تاريخ عائلي للأمراض القلبية الوعائية إلى الإصابة بارتفاع ضغط الدم، مما يستدعي اتباع نهج متعدد الجوانب للوقاية يشمل متابعة ضغط الدم بانتظام، الالتزام بنظام غذائي متوازن غني بالفواكه والخضروات، ممارسة النشاط البدني بانتظام، وعند الاقتضاء، التدخلات الدوائية لتقليل خطر الإصابة بحالات قلبية وعائية أكثر خطورة.,Hard,Health
"The burgeoning field of personalized medicine, which leverages advancements in genomics and biotechnology, holds the promise of tailoring medical treatments to the unique genetic makeup of each patient, thereby enhancing therapeutic efficacy and minimizing adverse effects; however, this approach also raises significant ethical considerations regarding privacy, consent, and the potential for genetic discrimination, necessitating a careful balance between innovation and the protection of individual rights.",يعد مجال الطب الشخصي المزدهر، الذي يستفيد من التقدم في علم الجينوم والتكنولوجيا الحيوية، واعدًا في تخصيص العلاجات الطبية وفقًا للتكوين الجيني الفريد لكل مريض، مما يعزز فعالية العلاج ويقلل من الآثار الجانبية؛ ومع ذلك، يثير هذا النهج أيضًا العديد من الاعتبارات الأخلاقية المتعلقة بالخصوصية والموافقة، وإمكانية التمييز الوراثي، مما يستدعي إيجاد توازن دقيق بين الابتكار وحماية حقوق الأفراد.,Hard,Health
"The delegation of Ecuador once again would like to express its gratitude for the solidarity shown by the broad majority in defending this principle, which maintains the purchasing power for retirees worldwide, clearly established in the regulations for the adjustment system for United Nations pensions.",ومرة أخرى، يود وفد إكوادور أن يعرب عن امتنانه للتضامن الذي أبدته الأغلبية الكبيرة في الدفاع عن هذا المبدأ، الذي يحافظ على القدرة الشرائية للمتقاعدين في جميع أنحاء العالم، والذي استقر بوضوح في لوائح النظام الخاص بتعديل المعاشات التقاعدية في الأمم المتحدة.,Hard,Legal
"In that regard, we earnestly hope that the Conference on Disarmament will conclude at an early date the negotiations for a nondiscriminatory, multilateral and internationally and effectively verifiable treaty banning the production of fissile materials for nuclear weapons and other explosive devices, taking into account both nuclear disarmament and nuclear non-proliferation objectives.",وعلى هذا الصعيد، نأمل بصدق لمؤتمر نزع السلاح أن يختتم مفاوضاته في موعد مبكر وصولا إلى معاهدة غير تمييزية ومتعددة الأطراف وقابلة للتحقق دوليا وفعليا لوقف إنتاج المواد الانشطارية المستخدمة في صنع الأسلحة النووية وغيرها من الأجهزة المتفجرة، تأخذ في الحسبان أهداف نزع السلاح النووي وعدم الانتشار النووي كليهما.,Hard,Legal
"Given that the public often failed to differentiate between administrative detention and criminal processes, governments should raise public awareness and remind policymakers that undocumented migrants are not criminals; they should also avoid terminology labelling them as illegal, or irregular migrants.","ولأن عامة الناس يفشلون في كثير من الأحيان في التمييز بين الاحتجاز الإداري والعمليات الجنائية، فيتعين على الحكومات أن تعمل على رفع مستوى الوعي العام وتذكير صناع السياسات بأن المهاجرين غير الشرعيين ليسوا مجرمين؛ وينبغي عليهم أيضًا تجنب المصطلحات التي تصفهم بأنهم مهاجرون غير شرعيين أو غير نظاميين.",Hard,Legal
"In addition, the exclusion from the draft convention of the military armed forces of States in accordance with the final preambular paragraph and article 4, paragraph 2, was somewhat controversial in that it conflicted with the commitment of the international community to refrain from the use or threat of use of nuclear weapons and left the way open for State terrorism.",وباﻹضافة إلى ذلك، فإن استثناء القوات المسلحة للدول من تطبيق هذه اﻻتفاقية، وفقا لنص الفقرة اﻷخيرة في الديباجة والفقرة ٢ من المادة ٤، هي مسألة خاضعة لبعض الجدل حيث أنها تناقض التزام المجتمع الدولي بعدم استخدام اﻷسلحة النووية أو التهديد باستعمالها، وتفسح المجال ﻹرهاب الدولة.,Hard,Legal
"In the midst of the tumultuous and ever-evolving landscape of the 20th century, where the boundaries between reality and illusion, the conscious and the unconscious, the individual and the collective, became increasingly blurred, the protagonist found himself ensnared in a labyrinthine web of existential dilemmas, moral quandaries, and metaphysical inquiries that challenged the very essence of his being and the nature of his perception of the world around him.",في خضم المناظر المتقلبة والمتطورة دائمًا للقرن العشرين، حيث أصبحت الحدود بين الواقع والوهم، بين الواعي وغير الواعي، بين الفرد والجماعة، أكثر ضبابية، وجد البطل نفسه عالقًا في شبكة متشابكة من الألغاز الوجودية، والتحديات الأخلاقية، والاستفسارات الميتافيزيقية التي تحدت جوهر وجوده وطبيعة إدراكه للعالم من حوله.,Hard,Litrature
"As the relentless march of time inexorably advanced, carrying with it the weight of history, the burden of unfulfilled dreams, and the specter of impending doom, the characters grappled with the profound and often paradoxical interplay between fate and free will, destiny and choice, in a narrative tapestry woven with threads of tragedy, comedy, and the sublime.",بينما كان الزمان يتقدم بلا هوادة، حاملاً معه ثقل التاريخ، وعبء الأحلام غير المحققة، وشبح الهلاك الذي يقترب، كانت الشخصيات تتصارع مع التفاعل العميق والمتناقض في كثير من الأحيان بين القدر والإرادة الحرة، والمصير والاختيار، في نسيج سردي مُنسج بخيوط من المأساة، والكوميديا، والمهيب.,Hard,Litrature
"In the shadow of the crumbling edifice of societal norms and conventions, amidst the cacophony of voices clamoring for attention, recognition, and validation, the individual embarked on a solitary journey of self-discovery, confronting the abyss of solitude, the labyrinth of the psyche, and the elusive nature of truth in a world that seemed increasingly indifferent to the quest for meaning and authenticity.",في ظل انهيار معايير المجتمع التقليدية، وبينما كانت الأصوات تتعالى طلبًا للاهتمام والاعتراف، بدأ الفرد رحلة وحيدة من اكتشاف الذات، متحديًا هاوية الوحدة، ومتاهة النفس، والطبيعة الغامضة للحقيقة في عالم بدا غير مبالٍ إلى حد بعيد في سعيه للمعنى والأصالة.,Hard,Litrature
"Within the confines of the decaying mansion, where the echoes of past glories and tragedies reverberated through the hollowed halls, the characters navigated the intricate and often treacherous terrain of human relationships, confronting the dualities of love and hate, loyalty and betrayal, hope and despair, in a narrative that unfolded with the inevitability of a Greek tragedy and the complexity of a modernist novel.",داخل حدود القصر المتدهور، حيث تتردد أصداء أمجاد الماضي ومآسيه عبر القاعات المجوفة، تبحر الشخصيات في تضاريس العلاقات الإنسانية المعقدة والغادرة في كثير من الأحيان، متعاملين مع ازدواجية الحب والكراهية، والولاء والخيانة، والأمل واليأس، في رواية تكشفت عن حتمية المأساة اليونانية وتعقيد الرواية الحداثية.,Hard,Litrature
"The weight of the world seemed to fall on his shoulders as he stared at the overwhelming evidence before him, realizing that no matter how hard he tried, there might be no turning back from the decisions he had made.",بدا وكأن ثقل العالم سقط على كتفيه وهو يحدق في الأدلة الهائلة أمامه، مدركًا أنه بغض النظر عن مدى محاولته، قد لا يكون هناك رجوع من القرارات التي اتخذها.,Hard,Subtitle
"As she navigated the complexities of the case, her mind raced with countless possibilities, each more terrifying than the last, and yet she knew that uncovering the truth might come at a cost she wasn’t prepared to pay.",بينما كانت تتنقل بين تعقيدات القضية، كانت أفكارها تجري بسرعة مع العديد من الاحتمالات، كل منها أكثر رعبًا من الآخر، ومع ذلك كانت تعلم أن اكتشاف الحقيقة قد يأتي بثمن لم تكن مستعدة لدفعه.,Hard,Subtitle
"The distant thunder echoed through the empty streets, and for a brief moment, everything seemed to stand still—like the calm before the storm, when all that was left to do was wait for fate to reveal its hand.",كان الرعد البعيد يتردد صداه عبر الشوارع الفارغة، وللحظة وجيزة، بدا أن كل شيء توقف - مثل الهدوء الذي يسبق العاصفة، حينما لم يتبق سوى الانتظار حتى تكشف الأقدار عن يدها.,Hard,Subtitle
"In the midst of a rapidly changing world, where every decision seemed to have a ripple effect on everything around him, he began to question whether he truly understood the consequences of his actions, or if he was simply reacting to the chaos unfolding.",في وسط عالم سريع التغيير، حيث بدا أن كل قرار له تأثير على كل شيء من حوله، بدأ يشك في ما إذا كان يفهم حقًا عواقب أفعاله، أو إذا كان فقط يتفاعل مع الفوضى التي كانت تحدث.,Hard,Subtitle
"The intricate interplay between monetary policy and fiscal policy necessitates a nuanced understanding of how central banks' interest rate decisions can influence government spending and taxation, thereby affecting aggregate demand, inflation rates, and overall economic stability.",التفاعل المعقد بين السياسة النقدية والسياسة المالية يتطلب فهمًا دقيقًا لكيفية تأثير قرارات أسعار الفائدة من قبل البنوك المركزية على الإنفاق الحكومي والضرائب، وبالتالي التأثير على الطلب الإجمالي، وأسعار التضخم، واستقرار الاقتصاد بشكل عام.,Hard,EcoFinancial
"In the context of international trade, the imposition of tariffs and non-tariff barriers can lead to significant distortions in market equilibrium, affecting the allocation of resources, consumer prices, and the competitive dynamics between domestic and foreign producers.",في سياق التجارة الدولية، يمكن أن يؤدي فرض التعريفات الجمركية والحواجز غير الجمركية إلى تشوهات كبيرة في توازن السوق، مما يؤثر على تخصيص الموارد، وأسعار المستهلك، والديناميكيات التنافسية بين المنتجين المحليين والأجانب.,Hard,EcoFinancial
"The concept of financial leverage underscores the potential for increased returns on equity through the strategic use of debt financing; however, it also amplifies the risk of insolvency, particularly when a firm's earnings before interest and taxes (EBIT) are insufficient to cover its fixed financial obligations.",يبرز مفهوم الرافعة المالية الإمكانية لتحقيق عوائد أكبر على الأسهم من خلال الاستخدام الاستراتيجي للتمويل بالديون؛ ومع ذلك، فإنه يعزز أيضًا خطر الإفلاس، خاصة عندما تكون الأرباح قبل الفوائد والضرائب غير كافية لتغطية الالتزامات المالية الثابتة.,Hard,EcoFinancial
"The efficient market hypothesis posits that asset prices fully reflect all available information, suggesting that it is impossible to consistently achieve returns that outperform the market average through expert stock selection or market timing; however, this theory has been subject to scrutiny, especially in light of market anomalies and behavioral finance insights.",تفترض فرضية السوق الكفء أن أسعار الأصول تعكس جميع المعلومات المتاحة، مما يشير إلى أنه من المستحيل تحقيق عوائد تفوق متوسط ​​السوق بشكل مستمر من خلال اختيار الأسهم من قبل الخبراء أو توقيت السوق؛ ومع ذلك، فقد خضعت هذه النظرية للتدقيق، خاصة في ضوء شذوذات السوق ورؤى التمويل السلوكي.,Hard,EcoFinancial