correct_translation,sentence,pieces,Eng_Difficulty_Label,Topic_Label
The population of this city is decreasing every year.,عدد سكان هذه المدينة يتناقص كل عام,"['this', 'population', 'The', 'of', 'decreasing', 'year.', 'is', 'city', 'every']",Easy,Litrature
الطقس مثالي للرحلة.,The weather is perfect for a trip.,"['الطقس', 'مثالي', 'للرحلة.']",Easy,Subtitle
يحتاج الجسم إلى ضوء الشمس لإنتاج فيتامين د.,The body needs sunlight to produce vitamin D.,"['الشمس', 'د.', 'لإنتاج', 'فيتامين', 'يحتاج', 'ضوء', 'الجسم', 'إلى']",Easy,Health
People are looking for ways to save money on daily expenses.,الناس يبحثون عن طرق لتوفير المال على المصاريف اليومية.,"['on', 'money', 'to', 'save', 'expenses.', 'for', 'People', 'daily', 'looking', 'ways', 'are']",Easy,EcoFinancial
الرياح تشعر بالراحة.,The wind feels nice.,"['الرياح', 'تشعر', 'بالراحة.']",Easy,Subtitle
Avoid eating too much sugar to protect your teeth.,تجنب تناول الكثير من السكر لحماية أسنانك.,"['teeth.', 'much', 'protect', 'to', 'eating', 'your', 'Avoid', 'sugar', 'too']",Easy,Health
أتساءل عما سنراه بعد ذلك.,I wonder what we will see next.,"['بعد', 'سنراه', 'عما', 'أتساءل', 'ذلك.']",Easy,Subtitle
العديد من الأفراد يستثمرون في الصناديق المشتركة للتقاعد.,Many individuals invest in mutual funds for retirement.,"['الصناديق', 'المشتركة', 'العديد', 'من', 'يستثمرون', 'للتقاعد.', 'الأفراد', 'في']",Easy,EcoFinancial
قم دائمًا بتغطية فمك عند السعال أو العطس.,Always cover your mouth when you cough or sneeze.,"['دائمًا', 'السعال', 'عند', 'بتغطية', 'فمك', 'أو', 'قم', 'العطس.']",Easy,Health
كلما وجدت شيئًا يعجبني، وجدته غاليا جدا,"Whenever I find something I like, it's too expensive.","['غاليا', 'وجدته', 'كلما', 'شيئًا', 'وجدت', 'يعجبني،', 'جدا']",Easy,Litrature
No one shall be arbitrarily deprived of his property.,لا يجوز تجريد أحد من ملكه تعسفا,"['deprived', 'No', 'shall', 'property.', 'arbitrarily', 'his', 'of', 'one', 'be']",Easy,Litrature
The economy is showing signs of recovery.,الاقتصاد يظهر علامات على التعافي.,"['is', 'signs', 'showing', 'recovery.', 'of', 'economy', 'The']",Easy,EcoFinancial
العديد من الشركات تقوم بتوزيع أرباح للمساهمين.,Many companies are issuing dividends to their shareholders.,"['أرباح', 'الشركات', 'من', 'بتوزيع', 'العديد', 'للمساهمين.', 'تقوم']",Easy,EcoFinancial
في البداية واجه صعوبة في التأقلم مع بيته الجديد,At first he had trouble getting used to his new house.,"['البداية', 'الجديد', 'بيته', 'مع', 'في', 'واجه', 'التأقلم', 'في', 'صعوبة']",Easy,Litrature
يقول توم بأنه ليس هو من كسر النافذة,Tom says that he wasn't the one who broke the window.,"['ليس', 'من', 'توم', 'كسر', 'هو', 'بأنه', 'النافذة', 'يقول']",Easy,Litrature
إنه أحد المجالات الفرعية للمعلوماتية الصحية.,It is one of the subdomains of health informatics.,"['الفرعية', 'إنه', 'للمعلوماتية', 'الصحية.', 'أحد', 'المجالات']",Easy,Health
I must calculate how much money I'll spend next week.,يجب علي حساب كمية المال الذي سوف أنفقه الاسبوع المقبل,"['calculate', 'spend', 'money', 'week.', ""I'll"", 'I', 'must', 'next', 'much', 'how']",Easy,Litrature
The contract must be signed by both parties to be legally binding.,يجب أن يتم توقيع العقد من قبل الطرفين ليكون ملزمًا قانونيًا.,"['contract', 'be', 'binding.', 'by', 'signed', 'both', 'The', 'to', 'parties', 'legally', 'must', 'be']",Easy,Legal
A contract is an agreement between two or more parties that is enforceable by law.,العقد هو اتفاق بين طرفين أو أكثر يمكن إنفاذه قانونًا.,"['between', 'is', 'more', 'is', 'contract', 'parties', 'two', 'law.', 'enforceable', 'agreement', 'A', 'by', 'or', 'that', 'an']",Easy,Legal
Let’s take some photos to remember this moment.,دعونا نأخذ بعض الصور لتذكر هذه اللحظة.,"['take', 'to', 'photos', 'this', 'Let’s', 'moment.', 'remember', 'some']",Easy,Subtitle
"This headquarters included heads of related state organisations, leading by Azerbaijan's Prime Minister Ali Asadov.",تضمنت هذه المقرات رؤساء المنظمات الحكومية ذات الصلة، بقيادة رئيس وزراء أذربيجان علي أسادوف.,"[""Azerbaijan's"", 'heads', 'Prime', 'state', 'Asadov.', 'by', 'headquarters', 'Minister', 'of', 'related', 'leading', 'This', 'Ali', 'organisations,', 'included']",Easy,Health
لم أكن أتوقع بأن توم سيقع في حب ماري,I didn't expect that Tom would fall in love with Mary.,"['توم', 'سيقع', 'حب', 'ماري', 'أتوقع', 'بأن', 'لم', 'في', 'أكن']",Easy,Litrature
التخطيط المالي أمر أساسي لتحقيق الاستقرار المستقبلي.,Financial planning is essential for future stability.,"['أساسي', 'المالي', 'التخطيط', 'الاستقرار', 'أمر', 'المستقبلي.', 'لتحقيق']",Easy,EcoFinancial
Drinking water is essential for staying healthy.,شرب الماء ضروري للحفاظ على الصحة.,"['is', 'water', 'healthy.', 'Drinking', 'for', 'essential', 'staying']",Easy,Health
Stress management is vital for a healthy lifestyle.,إدارة التوتر مهمة لنمط حياة صحي.,"['lifestyle.', 'for', 'Stress', 'a', 'is', 'management', 'healthy', 'vital']",Easy,Health
I used to think it was my responsibility to help Tom.,أنا اعتدت أن أفكر أنه من مسؤليتي أن أساعد توم,"['to', 'I', 'my', 'used', 'was', 'Tom.', 'think', 'help', 'responsibility', 'it', 'to']",Easy,Litrature
أنا متحمس لهذه المغامرة.,I’m excited for this adventure.,"['المغامرة.', 'لهذه', 'متحمس', 'أنا']",Easy,Subtitle
العناية المنتظمة بالأسنان تحافظ على صحتها وقوتها.,Regular dental care keeps your teeth healthy and strong.,"['المنتظمة', 'على', 'صحتها', 'وقوتها.', 'تحافظ', 'العناية', 'بالأسنان']",Easy,Health
The unemployment rate has decreased recently.,معدل البطالة انخفض مؤخرًا.,"['recently.', 'rate', 'decreased', 'The', 'unemployment', 'has']",Easy,EcoFinancial
ظهرت عدة حقائق مهمة بعد التحري,A few important facts emerged after the investigation.,"['ظهرت', 'عدة', 'التحري', 'بعد', 'حقائق', 'مهمة']",Easy,Litrature
He dreaded having to spend Christmas in the hospital.,لقد خشيَ أن يقضي عيد الميلاد في المستشفى,"['hospital.', 'the', 'spend', 'having', 'dreaded', 'in', 'He', 'to', 'Christmas']",Easy,Litrature
Theft is the unlawful taking of someone else’s property.,السرقة هي أخذ ممتلكات شخص آخر بشكل غير قانوني.,"['property.', 'is', 'Theft', 'else’s', 'of', 'the', 'taking', 'someone', 'unlawful']",Easy,Legal
Freedom of speech is a basic human right.,حرية التعبير هي حق أساسي من حقوق الإنسان.,"['a', 'human', 'speech', 'Freedom', 'basic', 'of', 'right.', 'is']",Easy,Legal
Eat more fruits and vegetables for a healthier diet.,تناول المزيد من الفواكه والخضروات لنظام غذائي صحي.,"['Eat', 'more', 'and', 'diet.', 'healthier', 'fruits', 'vegetables', 'for', 'a']",Easy,Health
I would go to the library if I had a car to get there.,لو كان عندي سيارة لذهبت إلى المكتبة,"['car', 'go', 'to', 'I', 'had', 'the', 'a', 'would', 'get', 'library', 'if', 'I', 'there.', 'to']",Easy,Litrature
The sun is shining brightly.,الشمس مشرقة ساطعة.,"['sun', 'shining', 'brightly.', 'The', 'is']",Easy,Subtitle
أسعار الفائدة ارتفعت هذا العام.,Interest rates have increased this year.,"['ارتفعت', 'هذا', 'أسعار', 'الفائدة', 'العام.']",Easy,EcoFinancial
"The 2019–20 coronavirus pandemic was confirmed to have spread to Cameroon, Central Africa on 6 March with its first confirmed case.",تأكد وصول جائحة فيروس كورونا 2019–20 إلى الكاميرون، وسط أفريقيا، بإصابة حالةٍ واحدةٍ.,"['pandemic', '2019–20', 'first', 'have', 'was', 'Central', 'to', 'Africa', 'March', 'case.', 'confirmed', 'to', 'spread', 'Cameroon,', 'with', '6', 'on', 'coronavirus', 'its', 'confirmed', 'The']",Easy,Health
Tom pretended that he didn't know what was happening.,تظاهر توم بأنه يجهل ما كان يحدث,"['that', 'Tom', ""didn't"", 'he', 'happening.', 'was', 'pretended', 'what', 'know']",Easy,Litrature
أكدت اليابان على إصابة ثلاث حالات إضافية، ليصل إجمالي عدد المصابين بها إلى سبع حالات، من ضمنهم رجل لم يزر مدينة ووهان قط.,"Japan confirms 3 additional cases, bringing the total infected in Japan to seven, including a man who had never visited Wuhan.","['إجمالي', 'لم', 'إصابة', 'على', 'المصابين', 'عدد', 'ووهان', 'مدينة', 'اليابان', 'إلى', 'إضافية،', 'ليصل', 'ضمنهم', 'بها', 'رجل', 'ثلاث', 'حالات', 'أكدت', 'حالات،', 'سبع', 'قط.', 'من', 'يزر']",Easy,Health
"On 13 March, five new cases have been identified with coronavirus with a maximum of 18, where 15 are located in Republika Srpska and 3 are in FBIH.",في 13 مارس، سُجل خمس حالات جديدة بفيروس كورونا بحد أقصى 18، حيث توجد 15 حالة في جمهورية صربسكا و 3 في FBIH.,"['cases', 'in', 'Republika', 'Srpska', 'March,', 'are', 'identified', 'in', 'been', '13', '18,', 'five', 'have', 'coronavirus', 'where', 'FBIH.', 'new', '15', 'are', '3', 'with', 'a', 'with', 'and', 'On', 'maximum', 'of', 'located']",Easy,Health
Wash your hands often to prevent the spread of germs.,اغسل يديك بشكل متكرر لمنع انتشار الجراثيم.,"['hands', 'Wash', 'of', 'spread', 'the', 'your', 'germs.', 'prevent', 'to', 'often']",Easy,Health
Look at the beautiful clouds.,انظر إلى السحب الجميلة.,"['Look', 'the', 'clouds.', 'at', 'beautiful']",Easy,Subtitle
"If you're wrong, admit it. If you're right, be quiet.",إن كنت مخطئا، فاعترف إن كنت محقّا، فاصمت,"['quiet.', 'be', 'admit', 'If', 'wrong,', 'it.', ""you're"", ""you're"", 'If', 'right,']",Easy,Litrature
Citizens have the right to vote in elections.,للمواطنين الحق في التصويت في الانتخابات.,"['Citizens', 'the', 'have', 'right', 'to', 'vote', 'elections.', 'in']",Easy,Legal
في 9 مارس، أُغلقت مدرسة هيكوري الابتدائية في مقاطعة هندريكس لمدة أسبوعين بعد أن ثبت إصابة أحد الطلاب بالفيروس.,"On March 9, Hickory Elementary School in Hendricks County closed for 2 weeks after a student tested positive for the virus.","['أسبوعين', '9', 'لمدة', 'إصابة', 'مدرسة', 'أحد', 'بعد', 'هيكوري', 'بالفيروس.', 'ثبت', 'الابتدائية', 'مارس،', 'أن', 'أُغلقت', 'الطلاب', 'هندريكس', 'في', 'في', 'مقاطعة']",Easy,Health
أعاد كتابة القصة فأحالها قصة مختلفة تمامًا,He rewrote the story into a completely different one.,"['مختلفة', 'كتابة', 'القصة', 'قصة', 'تمامًا', 'أعاد', 'فأحالها']",Easy,Litrature
تحدد قوانين الملكية كيفية استخدام أو امتلاك الأراضي والمباني.,Property laws determine how land and buildings can be used or owned.,"['استخدام', 'الأراضي', 'الملكية', 'والمباني.', 'امتلاك', 'أو', 'قوانين', 'كيفية', 'تحدد']",Easy,Legal
An appeal is a request to review a court’s decision.,الاستئناف هو طلب لمراجعة قرار المحكمة.,"['a', 'to', 'decision.', 'request', 'appeal', 'An', 'court’s', 'review', 'a', 'is']",Easy,Legal
تقلل الشفافية في الحكومة من الفساد وتعزز الثقة.,Transparency in government reduces corruption and builds trust.,"['الفساد', 'وتعزز', 'في', 'الشفافية', 'من', 'الحكومة', 'الثقة.', 'تقلل']",Easy,Legal
The interplay between genetic predisposition and environmental factors is central to the development of multifactorial diseases.,يعد التفاعل بين الاستعداد الوراثي والعوامل البيئية جوهريًا في تطور الأمراض متعددة العوامل.,"['genetic', 'between', 'central', 'predisposition', 'multifactorial', 'environmental', 'interplay', 'and', 'diseases.', 'is', 'the', 'development', 'to', 'The', 'factors', 'of']",Hard,Health
"Alzheimer's disease is marked by the accumulation of amyloid plaques and tau tangles, leading to cognitive decline and memory loss.",يتميز مرض الزهايمر بتراكم لويحات الأميلويد وتشابكات التاو، مما يؤدي إلى تدهور إدراكي وفقدان الذاكرة.,"['plaques', 'to', 'amyloid', 'decline', 'of', 'leading', 'accumulation', 'and', 'tangles,', 'loss.', 'and', 'marked', 'by', 'is', ""Alzheimer's"", 'memory', 'cognitive', 'disease', 'the', 'tau']",Hard,Health
تهدف تدابير التقشف الحكومية إلى تقليص الدين الوطني.,The government's austerity measures aim to reduce the national debt.,"['تدابير', 'إلى', 'تقليص', 'الدين', 'التقشف', 'تهدف', 'الوطني.', 'الحكومية']",Hard,EcoFinancial
"يُجسد مسار البطل المأساوي في ""هاملت"" لشكسبير تعقيدات القدر والإرادة الحرة.","The tragic hero's journey in Shakespeare's ""Hamlet"" exemplifies the complexities of fate and free will.","['لشكسبير', 'الحرة.', '""هاملت""', 'تعقيدات', 'في', 'والإرادة', 'مسار', 'المأساوي', 'يُجسد', 'البطل', 'القدر']",Hard,Litrature
"تقدم فيرجينيا وولف في ""السيدة دالواي"" استكشافًا لأعماق العقل البشري، مما يوفر رؤى عميقة في الوعي.","Virginia Woolf's exploration of the inner workings of the human mind in ""Mrs. Dalloway"" offers profound insights into consciousness.","['الوعي.', 'البشري،', 'استكشافًا', 'تقدم', 'مما', 'رؤى', 'في', '""السيدة', 'في', 'فيرجينيا', 'دالواي""', 'لأعماق', 'العقل', 'وولف', 'يوفر', 'عميقة']",Hard,Litrature
أحدثت العلاجيات المناعية ثورة في علاج السرطان من خلال تسخير الجهاز المناعي للمريض لاستهداف الخلايا الخبيثة.,Immunotherapy has revolutionized cancer treatment by harnessing the patient’s immune system to target malignant cells.,"['ثورة', 'الخلايا', 'لاستهداف', 'في', 'أحدثت', 'المناعية', 'من', 'المناعي', 'خلال', 'للمريض', 'العلاجيات', 'علاج', 'الجهاز', 'الخبيثة.', 'تسخير', 'السرطان']",Hard,Health
he defendant's motion for summary judgment was denied due to the existence of genuine issues of material fact.,تم رفض طلب المتهم للحكم الموجز بسبب وجود مسائل حقيقية متنازع عليها.,"['fact.', 'denied', 'issues', 'to', 'existence', 'was', 'for', 'genuine', 'due', 'material', 'summary', 'motion', 'the', 'of', 'he', 'of', ""defendant's"", 'judgment']",Hard,Legal
"You’ve been playing this game for too long, and now, the stakes are higher than you can handle.",لقد كنت تلعب هذه اللعبة لفترة طويلة، والآن الرهانات أعلى من أن تتمكن من التعامل معها.,"['than', 'handle.', 'game', 'been', 'now,', 'You’ve', 'higher', 'this', 'stakes', 'playing', 'the', 'for', 'long,', 'can', 'are', 'you', 'and', 'too']",Hard,Subtitle
"Cardiovascular diseases are often preventable through lifestyle modifications, including dietary changes, exercise, and smoking cessation.",يمكن الوقاية من أمراض القلب والأوعية الدموية غالبًا من خلال تعديل نمط الحياة، بما في ذلك تغييرات في النظام الغذائي، وممارسة الرياضة، والإقلاع عن التدخين.,"['dietary', 'Cardiovascular', 'cessation.', 'lifestyle', 'are', 'and', 'modifications,', 'preventable', 'smoking', 'often', 'exercise,', 'through', 'including', 'diseases', 'changes,']",Hard,Health
لست أحاول إنقاذك؛ أنا أحاول إنقاذ نفسي من ما سيحدث بعد ذلك.,I’m not trying to save you; I’m trying to save myself from what happens next.,"['إنقاذك؛', 'أحاول', 'من', 'نفسي', 'لست', 'بعد', 'أحاول', 'ذلك.', 'سيحدث', 'ما', 'إنقاذ', 'أنا']",Hard,Subtitle
منحت المحكمة طلب المدعي للحصول على أمر تقييدي مؤقت لمنع المتهم من الكشف عن معلومات سرية.,The court granted the plaintiff's request for a preliminary injunction to prevent the defendant from disclosing confidential information.,"['من', 'تقييدي', 'للحصول', 'على', 'الكشف', 'أمر', 'طلب', 'معلومات', 'المحكمة', 'عن', 'لمنع', 'منحت', 'مؤقت', 'سرية.', 'المدعي', 'المتهم']",Hard,Legal
العالم أغمق بكثير مما نحب أن نعتقد، وهو يزداد سوءًا.,"The world is a lot darker than we like to think, and it’s only getting worse.","['سوءًا.', 'أغمق', 'مما', 'بكثير', 'يزداد', 'نحب', 'أن', 'وهو', 'العالم', 'نعتقد،']",Hard,Subtitle
The government's monetary policy aims to achieve price stability.,تهدف السياسة النقدية الحكومية إلى تحقيق استقرار الأسعار.,"['stability.', 'to', 'The', 'achieve', 'monetary', 'policy', ""government's"", 'aims', 'price']",Hard,EcoFinancial
منحت المحكمة طلب المتهم لتغيير مكان المحاكمة بسبب المخاوف من الدعاية المسبقة للمحاكمة.,The court granted the defendant's motion for a change of venue due to concerns about pretrial publicity.,"['الدعاية', 'المخاوف', 'المتهم', 'للمحاكمة.', 'المسبقة', 'لتغيير', 'طلب', 'المحاكمة', 'من', 'منحت', 'مكان', 'المحكمة', 'بسبب']",Hard,Legal
"The legal team filed a motion for an expedited hearing due to the urgency of the matter, and the court agreed to set a hearing within 48 hours.",قدم الفريق القانوني طلبًا لجلسة استماع عاجلة بسبب ضرورة القضية، ووافقت المحكمة على تحديد جلسة في غضون 48 ساعة.,"['expedited', 'The', 'hours.', 'an', 'team', 'filed', 'a', 'within', 'the', 'matter,', 'of', 'hearing', '48', 'agreed', 'the', 'the', 'due', 'to', 'set', 'a', 'to', 'and', 'court', 'urgency', 'motion', 'for', 'legal', 'hearing']",Hard,Legal
"يقدم استكشاف الاستعمار وآثاره على الهوية في ""الأشياء تتداعى"" لتشينوا أتشيبي انتقادًا للإمبريالية الأوروبية.","The exploration of colonialism and its effects on identity in Chinua Achebe's ""Things Fall Apart"" offers a critique of European imperialism.","['الهوية', 'الأوروبية.', 'استكشاف', 'وآثاره', 'لتشينوا', 'على', 'الاستعمار', 'تتداعى""', 'انتقادًا', 'يقدم', 'في', 'أتشيبي', '""الأشياء', 'للإمبريالية']",Hard,Litrature
"Sometimes, doing nothing is the hardest thing you can do.",أحياناً، أن تفعل لا شيء هو أصعب شيء يمكن أن تفعله.,"['hardest', 'thing', 'the', 'Sometimes,', 'do.', 'doing', 'nothing', 'you', 'can', 'is']",Hard,Subtitle
رفع المدعى عليه دفاعًا قانونيًا بموجب مبدأ الضرورة، قائلًا إن أفعاله كانت ضرورية لمنع ضرر أكبر كان من الممكن أن يحدث.,"The defendant has raised a valid defense under the doctrine of necessity, claiming that their actions were necessary to prevent a greater harm that would have otherwise occurred.","['قائلًا', 'أفعاله', 'ضرورية', 'إن', 'عليه', 'مبدأ', 'أن', 'من', 'دفاعًا', 'المدعى', 'بموجب', 'لمنع', 'يحدث.', 'كان', 'الممكن', 'رفع', 'الضرورة،', 'كانت', 'أكبر', 'ضرر', 'قانونيًا']",Hard,Legal
The economic sanctions have adversely affected the country's financial stability.,أثرت العقوبات الاقتصادية سلبًا على الاستقرار المالي للبلاد.,"['financial', 'The', 'stability.', 'sanctions', 'affected', 'economic', 'have', ""country's"", 'adversely', 'the']",Hard,EcoFinancial
The monetary tightening measures are intended to control excessive credit growth.,تهدف تدابير التشديد النقدي إلى السيطرة على نمو الائتمان المفرط.,"['measures', 'intended', 'tightening', 'credit', 'to', 'excessive', 'monetary', 'The', 'are', 'growth.', 'control']",Hard,EcoFinancial
تم رفض دعوى المدعي لفشله في تقديم دعوى يمكن منح تعويض لها.,The plaintiff's claim was dismissed for failure to state a claim upon which relief can be granted.,"['دعوى', 'لها.', 'دعوى', 'تعويض', 'لفشله', 'في', 'منح', 'تقديم', 'رفض', 'يمكن', 'تم', 'المدعي']",Hard,Legal
أحياناً، أفضل طريقة لحماية من تحب هو إبقائهم في الظلام.,"Sometimes, the best way to protect those you love is to keep them in the dark.","['أفضل', 'في', 'تحب', 'الظلام.', 'طريقة', 'إبقائهم', 'لحماية', 'أحياناً،', 'هو', 'من']",Hard,Subtitle
Epidemiological studies play a pivotal role in understanding the distribution and determinants of diseases in populations.,تلعب الدراسات الوبائية دورًا محوريًا في فهم توزيع الأمراض وعواملها المؤثرة بين السكان.,"['pivotal', 'play', 'determinants', 'populations.', 'in', 'studies', 'a', 'of', 'distribution', 'role', 'diseases', 'in', 'understanding', 'the', 'Epidemiological', 'and']",Hard,Health
"The exploration of power and its corrupting influence in George Orwell's ""1984"" offers a chilling portrayal of totalitarianism.","يقدم استكشاف السلطة وتأثيرها الفاسد في ""1984"" لجورج أورويل تصويرًا مخيفًا للاستبداد.","['and', 'offers', 'exploration', 'The', 'of', 'chilling', 'influence', 'portrayal', 'power', ""Orwell's"", 'totalitarianism.', 'corrupting', 'George', 'of', 'its', 'a', '""1984""', 'in']",Hard,Litrature
يعتمد مفهوم مناعة القطيع على تطعيم نسبة كبيرة من السكان لمنع انتشار الأمراض المعدية.,The concept of herd immunity relies on a significant portion of the population being immunized to prevent the spread of infectious diseases.,"['المعدية.', 'انتشار', 'تطعيم', 'مناعة', 'كبيرة', 'القطيع', 'لمنع', 'من', 'على', 'الأمراض', 'يعتمد', 'السكان', 'مفهوم', 'نسبة']",Hard,Health
"يعكس تجزؤ السرد في ""مكتوب على الجسد"" لجينيت وينترسون تفكك الهوية والحب.","The fragmentation of narrative in Jeanette Winterson's ""Written on the Body"" mirrors the disintegration of identity and love.","['الهوية', 'والحب.', 'السرد', 'على', 'الجسد""', 'تجزؤ', 'تفكك', 'لجينيت', 'يعكس', 'في', 'وينترسون', '""مكتوب']",Hard,Litrature
6th special session of the UNEP Governing Council.,الدورة الاستثنائية السادسة لمجلس إدارة برنامج الأمم المتحدة للبيئة.,"['Council.', 'the', 'UNEP', 'session', 'Governing', 'of', 'special', '6th']",Hard,Legal
The financial regulator has implemented new rules to enhance market transparency.,قام المنظم المالي بتنفيذ قواعد جديدة لتعزيز شفافية السوق.,"['regulator', 'financial', 'transparency.', 'enhance', 'new', 'rules', 'implemented', 'market', 'has', 'to', 'The']",Hard,EcoFinancial
لقد أثر COVID-19 بشكل غير متناسب على الفئات الضعيفة، حيث أدت العوامل الاجتماعية والاقتصادية إلى تفاقم الفوارق في الوصول إلى الرعاية الصحية والتطعيم.,"COVID-19 has disproportionately impacted vulnerable populations, with socio-economic factors exacerbating disparities in access to healthcare and vaccination.","['على', 'لقد', 'أثر', 'إلى', 'تفاقم', 'الضعيفة،', 'الفوارق', 'الرعاية', 'إلى', 'العوامل', 'أدت', 'COVID-19', 'في', 'متناسب', 'الوصول', 'غير', 'والاقتصادية', 'الصحية', 'الاجتماعية', 'بشكل', 'حيث', 'الفئات', 'والتطعيم.']",Hard,Health
ما فائدة القيام بالشيء الصحيح إذا كانت النتائج دائماً تؤدي إلى عواقب خاطئة؟,What’s the point of doing the right thing if it always leads to the wrong consequences?,"['بالشيء', 'القيام', 'خاطئة؟', 'الصحيح', 'فائدة', 'كانت', 'دائماً', 'عواقب', 'تؤدي', 'ما', 'إذا', 'إلى', 'النتائج']",Hard,Subtitle
The complexity of tumor microenvironments poses significant challenges in developing effective cancer therapies.,يشكل تعقيد البيئة الدقيقة للأورام تحديات كبيرة في تطوير علاجات فعالة للسرطان.,"['effective', 'in', 'tumor', 'developing', 'poses', 'of', 'microenvironments', 'significant', 'The', 'therapies.', 'cancer', 'challenges', 'complexity']",Hard,Health
وفقًا لمبدأ الاستقرار القضائي (stare decisis)، يُلزَم المحكمة بالالتزام بالأحكام السابقة الصادرة عن المحاكم العليا في القضايا المماثلة لضمان التناسق في تطبيق القانون.,"In accordance with the principle of stare decisis, the court is bound to adhere to previous rulings made by higher courts in similar cases to ensure consistency in the application of the law.","['عن', 'العليا', 'لمبدأ', 'بالأحكام', 'المماثلة', 'المحكمة', 'المحاكم', 'القضايا', 'القانون.', 'بالالتزام', '(stare', 'لضمان', 'في', 'التناسق', 'في', 'الاستقرار', 'تطبيق', 'يُلزَم', 'وفقًا', 'decisis)،', 'السابقة', 'القضائي', 'الصادرة']",Hard,Legal
This would strengthen our efforts to have decisions made in a timely manner and could lead to further effectiveness and efficiency within the Organization.,ومن شأن هذا أن يعزز جهودنا في اتخاذ القرارات في حينها وأن يؤدي إلى قدر أكبر من الفعالية والكفاءة داخل المنظمة.,"['Organization.', 'within', 'could', 'efforts', 'and', 'decisions', 'This', 'strengthen', 'manner', 'further', 'to', 'lead', 'a', 'and', 'would', 'in', 'have', 'to', 'timely', 'made', 'our', 'efficiency', 'effectiveness', 'the']",Hard,Legal
يهدف برنامج التيسير الكمي للبنك المركزي إلى تحفيز النشاط الاقتصادي.,The central bank's quantitative easing program aims to stimulate economic activity.,"['برنامج', 'تحفيز', 'النشاط', 'للبنك', 'المركزي', 'إلى', 'الاقتصادي.', 'التيسير', 'الكمي', 'يهدف']",Hard,EcoFinancial
يتفاقم انتشار مقاومة مضادات الميكروبات بسبب سوء استخدام المضادات الحيوية، مما يشكل تهديدًا صحيًا عالميًا كبيرًا.,"The prevalence of antimicrobial resistance is exacerbated by the misuse of antibiotics, posing a significant global health threat.","['الحيوية،', 'بسبب', 'كبيرًا.', 'يشكل', 'استخدام', 'سوء', 'عالميًا', 'صحيًا', 'انتشار', 'مما', 'يتفاقم', 'مضادات', 'تهديدًا', 'مقاومة', 'الميكروبات', 'المضادات']",Hard,Health
The central bank's monetary policy significantly influences inflation rates.,تؤثر سياسة البنك المركزي النقدية بشكل كبير على معدلات التضخم.,"['inflation', 'significantly', 'The', ""bank's"", 'policy', 'central', 'monetary', 'rates.', 'influences']",Hard,EcoFinancial
"The human microbiome, consisting of trillions of microorganisms, plays an essential role in maintaining immune homeostasis and overall health.",يلعب الميكروبيوم البشري، المكون من تريليونات من الكائنات الدقيقة، دورًا أساسيًا في الحفاظ على توازن الجهاز المناعي والصحة العامة.,"['trillions', 'health.', 'maintaining', 'microbiome,', 'an', 'homeostasis', 'immune', 'overall', 'plays', 'of', 'and', 'human', 'essential', 'The', 'role', 'consisting', 'in', 'microorganisms,', 'of']",Hard,Health
"The court dismissed the plaintiff's case due to a lack of substantial evidence to support their claims, and ruled that the defendant was entitled to a judgment in their favor.",رفضت المحكمة قضية المدعي بسبب نقص الأدلة الجوهرية لدعم ادعاءاته، وأصدرت حكمًا لصالح المدعى عليه.,"['their', 'in', ""plaintiff's"", 'lack', 'the', 'The', 'entitled', 'case', 'to', 'defendant', 'of', 'their', 'evidence', 'favor.', 'that', 'to', 'dismissed', 'a', 'support', 'a', 'court', 'the', 'was', 'to', 'judgment', 'due', 'ruled', 'substantial', 'and', 'claims,']",Hard,Legal
I’m not here to argue with you. I’m here because I have no other choice.,أنا هنا لست للمجادلة معك. أنا هنا لأنه ليس لدي خيار آخر.,"['other', 'here', 'I’m', 'to', 'I', 'you.', 'I’m', 'because', 'have', 'no', 'with', 'argue', 'choice.', 'here', 'not']",Hard,Subtitle
The defendant's conviction was overturned on appeal due to the admission of inadmissible evidence during the trial.,تم نقض إدانة المتهم في الاستئناف بسبب قبول أدلة غير مقبولة خلال المحاكمة.,"['during', 'admission', 'overturned', 'the', 'due', 'inadmissible', 'trial.', ""defendant's"", 'the', 'evidence', 'appeal', 'to', 'was', 'of', 'conviction', 'The', 'on']",Hard,Legal
I don’t care about the rules anymore. The only thing that matters is getting out of here alive.,لا أهتم بالقواعد بعد الآن. الشيء الوحيد الذي يهم هو الخروج من هنا على قيد الحياة.,"['thing', 'care', 'The', 'is', 'getting', 'the', 'alive.', 'I', 'rules', 'don’t', 'here', 'that', 'only', 'matters', 'about', 'of', 'anymore.', 'out']",Hard,Subtitle
إذا كنت تعتقد أن هذه هي النهاية، فأنت مخطئ. هذا مجرد البداية.,"If you think that’s the end of it, you're wrong. This is just the beginning.","['مجرد', 'هي', 'أن', 'هذه', 'فأنت', 'كنت', 'مخطئ.', 'تعتقد', 'النهاية،', 'هذا', 'البداية.', 'إذا']",Hard,Subtitle
تقول أنك تريد السلام، ولكن تصرفاتك تخبر قصة مختلفة تماماً.,"You say you want peace, but your actions tell a completely different story.","['قصة', 'تصرفاتك', 'تماماً.', 'أنك', 'تقول', 'السلام،', 'تخبر', 'ولكن', 'مختلفة', 'تريد']",Hard,Subtitle
The defendant's motion for a new trial was denied due to lack of newly discovered evidence.,تم رفض طلب المتهم لإعادة المحاكمة بسبب نقص الأدلة المكتشفة حديثًا.,"['for', 'trial', 'denied', 'to', 'due', 'a', 'new', 'motion', 'discovered', 'evidence.', 'newly', 'of', 'was', 'lack', 'The', ""defendant's""]",Hard,Legal
The trade war has resulted in tariffs that have disrupted global supply chains.,أسفرت الحرب التجارية عن فرض تعريفات جمركية أضرت بسلاسل الإمداد العالمية.,"['disrupted', 'resulted', 'global', 'has', 'The', 'in', 'tariffs', 'have', 'war', 'chains.', 'supply', 'that', 'trade']",Hard,EcoFinancial
تلاحظ اللجنة باهتمام اعتماد قواعد بشأن تدابير بديلة في مجال قضاء الأحداث.,The Committee notes with interest the adoption of rules on alternative measures for juvenile justice.,"['اعتماد', 'بشأن', 'الأحداث.', 'تدابير', 'باهتمام', 'بديلة', 'قواعد', 'تلاحظ', 'في', 'اللجنة', 'قضاء', 'مجال']",Hard,Legal
محفظة استثمار البنك مثقلة بشكل كبير بالأصول في الأسواق الناشئة.,The bank's investment portfolio is heavily weighted in emerging market assets.,"['بالأصول', 'محفظة', 'مثقلة', 'البنك', 'الناشئة.', 'بشكل', 'في', 'كبير', 'الأسواق', 'استثمار']",Hard,EcoFinancial
عواصف السيتوكينات هي رد فعل مفرط للجهاز المناعي، مما يمكن أن يؤدي إلى التهابات شديدة وتلف في الأعضاء.,"Cytokine storms are an overreaction of the immune system, which can result in severe inflammation and organ damage.","['الأعضاء.', 'هي', 'عواصف', 'إلى', 'السيتوكينات', 'يؤدي', 'وتلف', 'فعل', 'مما', 'المناعي،', 'للجهاز', 'رد', 'مفرط', 'شديدة', 'في', 'التهابات', 'أن', 'يمكن']",Hard,Health
يعتمد علم الأورام الدقيق على التسلسل الجيني لتحديد الطفرات القابلة للعلاج، وتخصيص العلاجات لاستهداف مسارات السرطان المحددة.,"Precision oncology leverages genomic sequencing to identify actionable mutations, tailoring therapies to target specific cancer pathways.","['علم', 'التسلسل', 'للعلاج،', 'مسارات', 'على', 'القابلة', 'لتحديد', 'وتخصيص', 'لاستهداف', 'يعتمد', 'العلاجات', 'الدقيق', 'الأورام', 'الطفرات', 'المحددة.', 'الجيني', 'السرطان']",Hard,Health
"I could have warned you, but then again, I don’t think you would have listened.",كان بإمكاني تحذيرك، لكنني لا أعتقد أنك كنت ستستمع.,"['have', 'don’t', 'again,', 'think', 'warned', 'listened.', 'have', 'then', 'you,', 'I', 'would', 'I', 'but', 'could', 'you']",Hard,Subtitle
The preservation of oral stories has been crucial in shaping national identities in the Arab world.,كان الحفاظ على القصص الشفوية أمرًا حيويًا في تشكيل الهوية الوطنية في العالم العربي.,"['The', 'identities', 'preservation', 'shaping', 'oral', 'Arab', 'world.', 'the', 'of', 'in', 'in', 'has', 'stories', 'national', 'been', 'crucial']",Medium,Litrature
تم ربط السلوك الخامل، مثل الجلوس لفترات طويلة دون نشاط بدني، بزيادة خطر الإصابة بحالات صحية خطيرة.,"Sedentary behavior, such as sitting for long periods without physical activity, has been associated with an increased risk of developing serious health conditions.","['لفترات', 'صحية', 'نشاط', 'بدني،', 'الجلوس', 'الخامل،', 'الإصابة', 'تم', 'مثل', 'دون', 'طويلة', 'بزيادة', 'ربط', 'خطيرة.', 'السلوك', 'خطر', 'بحالات']",Medium,Health
المعاهدات الدولية هي اتفاقيات ملزمة بين الدول ذات السيادة.,International treaties are binding agreements between sovereign nations.,"['الدولية', 'هي', 'ملزمة', 'اتفاقيات', 'السيادة.', 'المعاهدات', 'الدول', 'ذات', 'بين']",Medium,Legal
يعمل ترجمة الأدب على سد الفجوة بين اللغات والثقافات المختلفة.,Translating literature bridges the gap between different languages and cultures.,"['الأدب', 'سد', 'بين', 'يعمل', 'على', 'اللغات', 'والثقافات', 'المختلفة.', 'الفجوة', 'ترجمة']",Medium,Litrature
The court ordered the defendant to pay restitution to the victims.,أمرت المحكمة المتهم بدفع تعويضات للضحايا.,"['court', 'The', 'restitution', 'defendant', 'to', 'pay', 'the', 'ordered', 'the', 'victims.', 'to']",Medium,Legal
تناول نظام غذائي متوازن يشمل البروتينات الخالية من الدهون والدهون الصحية والألياف يمكن أن يحسن مستويات الكوليسترول ويدعم صحة القلب.,"Consuming a balanced diet that includes lean proteins, healthy fats, and fiber can improve cholesterol levels and support heart health.","['صحة', 'يحسن', 'القلب.', 'يمكن', 'البروتينات', 'من', 'غذائي', 'ويدعم', 'والدهون', 'الصحية', 'متوازن', 'الدهون', 'مستويات', 'أن', 'نظام', 'الخالية', 'تناول', 'يشمل', 'الكوليسترول', 'والألياف']",Medium,Health
The study of literature enhances critical thinking and empathy towards others.,تعزز دراسة الأدب التفكير النقدي والتعاطف مع الآخرين.,"['study', 'towards', 'others.', 'critical', 'literature', 'of', 'empathy', 'thinking', 'enhances', 'The', 'and']",Medium,Litrature
The court issued a restraining order against the defendant.,أصدرت المحكمة أمرًا تقييديًا ضد المتهم.,"['defendant.', 'restraining', 'order', 'The', 'court', 'against', 'a', 'issued', 'the']",Medium,Legal
ستكون جولة العمر.,It's going to be the ride of a lifetime.,"['العمر.', 'جولة', 'ستكون']",Medium,Subtitle
The defendant's appeal was denied due to lack of merit.,تم رفض استئناف المتهم بسبب عدم وجود أساس قانوني.,"['lack', 'appeal', 'was', 'merit.', 'denied', ""defendant's"", 'of', 'due', 'to', 'The']",Medium,Legal
تفكر الحكومة في زيادة الضرائب لتمويل المشاريع العامة.,The government is considering increasing taxes to fund public projects.,"['لتمويل', 'تفكر', 'العامة.', 'الحكومة', 'زيادة', 'الضرائب', 'في', 'المشاريع']",Medium,EcoFinancial
بموجب مرسوم رئاسي، علقت الفصول الدراسية في جميع أنحاء البلاد لمدة 14 يومًا، وكذلك أنشطة جامعة الجمهورية والعروض العامة.,"By presidential decree, classes were canceled throughout the country for 14 days, as well as the activities of the University of the Republic and public shows.","['البلاد', 'الدراسية', 'العامة.', 'أنحاء', 'أنشطة', 'علقت', 'وكذلك', 'جميع', 'جامعة', 'لمدة', 'يومًا،', 'رئاسي،', 'الفصول', '14', 'في', 'بموجب', 'مرسوم', 'الجمهورية', 'والعروض']",Medium,Health
"In the advanced stages, or end stage pulmonary disease, it occurs during rest and may be always present.",في المراحل المتقدمة، أو مرض الرئة في مرحلته النهائية، يحدث أثناء الراحة وقد يكون موجودًا دائمًا.,"['or', 'end', 'In', 'pulmonary', 'always', 'stages,', 'disease,', 'occurs', 'and', 'be', 'may', 'present.', 'stage', 'it', 'the', 'rest', 'advanced', 'during']",Medium,Health
كان الحفاظ على المخطوطات أمرًا حيويًا في صيانة تراث الأدب العربي.,The preservation of manuscripts has been crucial in maintaining the heritage of Arabic literature.,"['الأدب', 'على', 'صيانة', 'كان', 'حيويًا', 'أمرًا', 'العربي.', 'المخطوطات', 'الحفاظ', 'في', 'تراث']",Medium,Litrature
يساعدنا قراءة الأدب من عصور مختلفة على فهم السياقات التاريخية.,Reading literature from different eras helps us understand historical contexts.,"['يساعدنا', 'مختلفة', 'التاريخية.', 'السياقات', 'على', 'الأدب', 'قراءة', 'فهم', 'من', 'عصور']",Medium,Litrature
Getting regular check-ups with your healthcare provider is a proactive way to detect potential health issues before they become serious problems.,إجراء فحوصات منتظمة مع مقدم الرعاية الصحية الخاص بك هو وسيلة استباقية لاكتشاف المشكلات الصحية المحتملة قبل أن تصبح مشاكل خطيرة.,"['health', 'Getting', 'they', 'provider', 'a', 'with', 'potential', 'way', 'your', 'detect', 'healthcare', 'problems.', 'before', 'proactive', 'become', 'regular', 'serious', 'check-ups', 'to', 'is', 'issues']",Medium,Health
The novel 'Season of Migration to the North' by Tayeb Salih explores post-colonial identity.,تستكشف رواية 'موسم الهجرة إلى الشمال' للطيب صالح الهوية بعد الاستعمار.,"['identity.', 'novel', 'by', 'explores', 'Salih', 'post-colonial', 'to', 'of', 'Tayeb', ""North'"", 'Migration', 'The', ""'Season"", 'the']",Medium,Litrature
Financial institutions play a crucial role in the economy.,المؤسسات المالية تلعب دورًا حيويًا في الاقتصاد.,"['role', 'a', 'crucial', 'play', 'institutions', 'economy.', 'the', 'in', 'Financial']",Medium,EcoFinancial
المستثمرون يراقبون مؤشرات الاقتصاد الوطني عن كثب.,Investors are closely monitoring the country's economic indicators.,"['المستثمرون', 'الوطني', 'مؤشرات', 'كثب.', 'عن', 'الاقتصاد', 'يراقبون']",Medium,EcoFinancial
Financial markets react to global economic events.,أسواق المال تتفاعل مع الأحداث الاقتصادية العالمية.,"['markets', 'Financial', 'economic', 'events.', 'to', 'react', 'global']",Medium,EcoFinancial
وهذا... حيث كل شيء يبدأ.,And this... is where it all begins.,"['يبدأ.', 'كل', 'وهذا...', 'شيء', 'حيث']",Medium,Subtitle
"Incorporating mindfulness practices into daily routines can help reduce anxiety, improve emotional regulation, and increase overall mental clarity.",دمج تقنيات اليقظة الذهنية في الروتين اليومي يمكن أن يساعد في تقليل القلق وتحسين تنظيم العواطف وزيادة وضوح العقل بشكل عام.,"['practices', 'improve', 'mindfulness', 'emotional', 'overall', 'into', 'help', 'anxiety,', 'clarity.', 'daily', 'regulation,', 'can', 'reduce', 'Incorporating', 'routines', 'and', 'mental', 'increase']",Medium,Health
الفحوصات البدنية المنتظمة، بما في ذلك اختبارات الدم والفحوصات، مهمة لتحديد المشكلات الصحية المحتملة قبل أن تصبح خطيرة.,"Regular physical examinations, including blood tests and screenings, are important for identifying potential health problems before they become serious.","['والفحوصات،', 'المنتظمة،', 'بما', 'اختبارات', 'المحتملة', 'مهمة', 'الصحية', 'في', 'خطيرة.', 'الدم', 'المشكلات', 'تصبح', 'أن', 'ذلك', 'الفحوصات', 'البدنية', 'قبل', 'لتحديد']",Medium,Health
سنبدأ السلسلة بأخذ رحلة مع الرياح.,We'll start the series by taking a journey with the winds.,"['مع', 'سنبدأ', 'السلسلة', 'رحلة', 'الرياح.', 'بأخذ']",Medium,Subtitle
"A proper sleep environment, including a comfortable mattress, cool room temperature, and minimal noise, is crucial for achieving restful and restorative sleep.",بيئة النوم المناسبة، بما في ذلك مرتبة مريحة ودرجة حرارة الغرفة المنعشة والحد الأدنى من الضوضاء، أمر حاسم لتحقيق نوم هادئ وتجديدي.,"['minimal', 'noise,', 'cool', 'restful', 'a', 'comfortable', 'A', 'for', 'sleep', 'crucial', 'including', 'temperature,', 'and', 'sleep.', 'restorative', 'achieving', 'room', 'mattress,', 'proper', 'is', 'environment,', 'and']",Medium,Health
The defense team filed a motion for a change of venue.,قدمت فريق الدفاع طلبًا لتغيير مكان المحاكمة.,"['filed', 'defense', 'a', 'change', 'team', 'motion', 'for', 'venue.', 'The', 'a', 'of']",Medium,Legal
This freezing layer of dry air is called the tropopause.,هذه الطبقة المجمدة من الهواء الجاف تدعى التروبوبوز.,"['tropopause.', 'of', 'is', 'air', 'freezing', 'dry', 'the', 'layer', 'called', 'This']",Medium,Subtitle
The defendant's right to a fair trial is protected under the constitution.,يتم حماية حق المتهم في محاكمة عادلة بموجب الدستور.,"['protected', 'under', 'trial', 'is', 'the', 'constitution.', ""defendant's"", 'to', 'The', 'fair', 'right', 'a']",Medium,Legal
تخطط الشركة لتوسيع عملياتها في الأسواق الدولية.,The company plans to expand its operations in international markets.,"['عملياتها', 'الشركة', 'لتوسيع', 'الأسواق', 'الدولية.', 'في', 'تخطط']",Medium,EcoFinancial
"Having shot to the top of the weather, I thought I'd take the easy way down.",بعد أن صعدت إلى قمة الطقس، فكرت أن أنزل بالطريقة السهلة.,"['down.', 'of', 'the', 'the', 'easy', ""I'd"", 'the', 'to', 'thought', 'take', 'shot', 'way', 'top', 'Having', 'weather,', 'I']",Medium,Subtitle
The court issued a restraining order against the defendant.,أصدرت المحكمة أمرًا تقييديًا ضد المتهم.,"['The', 'restraining', 'order', 'issued', 'court', 'the', 'against', 'defendant.', 'a']",Medium,Legal
The defendant was found guilty of manslaughter.,تم العثور على المتهم مذنبًا بالقتل غير العمد.,"['The', 'was', 'guilty', 'manslaughter.', 'of', 'found', 'defendant']",Medium,Legal
Interest rates have a direct impact on consumer spending.,أسعار الفائدة لها تأثير مباشر على الإنفاق الاستهلاكي.,"['Interest', 'on', 'spending.', 'direct', 'impact', 'rates', 'consumer', 'a', 'have']",Medium,EcoFinancial
The central bank's monetary policy influences inflation rates.,السياسة النقدية للبنك المركزي تؤثر على معدلات التضخم.,"['monetary', 'policy', 'central', 'influences', 'inflation', 'The', ""bank's"", 'rates.']",Medium,EcoFinancial
الميزانية المتوازنة أمر بالغ الأهمية لاستقرار الاقتصاد الوطني.,A balanced budget is crucial for national economic stability.,"['لاستقرار', 'بالغ', 'الوطني.', 'الاقتصاد', 'المتوازنة', 'الميزانية', 'الأهمية', 'أمر']",Medium,EcoFinancial
It then slides north and south before sinking back down to Earth and returning to the equator as the winds we feel on land or sea.,ثم ينزلق شمالًا وجنوبًا قبل أن يغرق عائدًا إلى الأرض ويعود إلى خط الاستواء كرياح نشعر بها على اليابسة أو البحر.,"['to', 'sea.', 'land', 'equator', 'and', 'feel', 'the', 'north', 'and', 'down', 'south', 'winds', 'or', 'we', 'as', 'slides', 'returning', 'on', 'It', 'before', 'back', 'sinking', 'the', 'Earth', 'then', 'to']",Medium,Subtitle
التداخل بين التقاليد الشفوية والنصوص المكتوبة هو سمة مميزة للأدب العربي.,The interplay between oral traditions and written texts is a hallmark of Arabic literature.,"['والنصوص', 'للأدب', 'المكتوبة', 'بين', 'التقاليد', 'سمة', 'التداخل', 'العربي.', 'مميزة', 'هو', 'الشفوية']",Medium,Litrature
The rise in interest rates may discourage investment in real estate.,قد تؤدي زيادة أسعار الفائدة إلى تقليل الاستثمارات في العقارات.,"['may', 'discourage', 'in', 'rates', 'The', 'interest', 'rise', 'estate.', 'real', 'investment', 'in']",Medium,EcoFinancial
The works of Rumi and Al-Mutanabbi remain influential in both Eastern and Western literary traditions.,تظل أعمال جلال الدين الرومي والمتنبي مؤثرة في التقاليد الأدبية الشرقية والغربية.,"['works', 'in', 'Rumi', 'Al-Mutanabbi', 'and', 'of', 'literary', 'Western', 'The', 'and', 'Eastern', 'remain', 'influential', 'traditions.', 'both']",Medium,Litrature
غالبًا ما يدمج الأدب العربي التعبير الشعري مع الموضوعات الفلسفية والأخلاقية.,Arabic literature often intertwines poetic expression with philosophical and ethical themes.,"['الموضوعات', 'العربي', 'غالبًا', 'والأخلاقية.', 'التعبير', 'يدمج', 'الشعري', 'الفلسفية', 'الأدب', 'ما', 'مع']",Medium,Litrature
من خلال الأدب، يمكننا الحفاظ على اللغات واللهجات التي قد تختفي لولا ذلك.,"Through literature, we can preserve languages and dialects that might otherwise disappear.","['يمكننا', 'التي', 'اللغات', 'على', 'من', 'ذلك.', 'قد', 'لولا', 'الحفاظ', 'واللهجات', 'خلال', 'تختفي', 'الأدب،']",Medium,Litrature
على هذا الارتفاع، يتوقف الهواء عن التبريد ويبقى ثابتًا عند ناقص 50 درجة مئوية.,"Up this high, the air stops cooling and remains a constant minus 50 degrees Celsius.","['ثابتًا', 'درجة', 'الهواء', 'يتوقف', 'ويبقى', 'ناقص', 'مئوية.', 'عند', 'هذا', 'الارتفاع،', 'عن', '50', 'التبريد', 'على']",Medium,Subtitle
رياح العالم محصورة في دورة لا نهائية.,The world's winds are locked into an endless cycle.,"['رياح', 'العالم', 'محصورة', 'في', 'لا', 'نهائية.', 'دورة']",Medium,Subtitle
غالبًا ما يكمل الخط العربي الشعر الكلاسيكي، مضيفًا بُعدًا بصريًا للفن الأدبي.,"Arabic calligraphy often complements classical poetry, adding a visual dimension to literary art.","['الخط', 'يكمل', 'بُعدًا', 'بصريًا', 'الكلاسيكي،', 'الشعر', 'غالبًا', 'العربي', 'مضيفًا', 'للفن', 'ما', 'الأدبي.']",Medium,Litrature
سأواجه الجانب المظلم للصيف.,I'll experience the dark side of summer.,"['للصيف.', 'سأواجه', 'المظلم', 'الجانب']",Medium,Subtitle
"In this series, I'm going to experience the fastest winds on Earth.",في هذه السلسلة، سأواجه الرياح الأسرع على الأرض.,"['winds', 'Earth.', 'series,', 'this', ""I'm"", 'going', 'experience', 'the', 'In', 'on', 'to', 'fastest']",Medium,Subtitle
تنفيذ مزيج من تناول الطعام الصحي والنشاط البدني والعناية بالصحة النفسية يمكن أن يحسن بشكل كبير من متوسط العمر المتوقع وجودة الحياة.,"Implementing a combination of healthy eating, physical activity, and mental health care can significantly improve life expectancy and quality of life.","['العمر', 'الصحي', 'وجودة', 'أن', 'يحسن', 'المتوقع', 'من', 'بشكل', 'والعناية', 'النفسية', 'كبير', 'مزيج', 'بالصحة', 'تنفيذ', 'تناول', 'البدني', 'والنشاط', 'الطعام', 'متوسط', 'من', 'الحياة.', 'يمكن']",Medium,Health
يمر الاقتصاد بفترة من التعافي البطيء بعد الركود.,The economy is experiencing a period of slow recovery following the recession.,"['التعافي', 'من', 'الاقتصاد', 'البطيء', 'الركود.', 'بفترة', 'يمر', 'بعد']",Medium,EcoFinancial
The novel 'Men in the Sun' by Ghassan Kanafani addresses the Palestinian experience.,تتناول رواية 'رجال في الشمس' لغسان كنفاني التجربة الفلسطينية.,"[""Sun'"", 'novel', 'experience.', 'Palestinian', 'Kanafani', 'by', 'the', 'in', 'Ghassan', 'the', ""'Men"", 'addresses', 'The']",Medium,Litrature
The government is implementing fiscal policies to boost economic growth.,الحكومة تنفذ السياسات المالية لتعزيز النمو الاقتصادي.,"['is', 'The', 'implementing', 'growth.', 'government', 'to', 'economic', 'policies', 'boost', 'fiscal']",Medium,EcoFinancial